$ pnpm run content:build
$ node scripts/build-content-collections.mjs
$ run-s test:tsc test:lint test:unit test:chat test:desktop
$ tsc && tsc -p scripts/builder-ai-eval/tsconfig.json && tsc -p scripts/tsconfig.json && tsc -p harness-tests/tsconfig.json && tsc -p harness-tests/tsconfig.runtime.json
$ pnpm run lint:code
$ oxlint --type-aware --disable-nested-config

  ! eslint(no-unused-vars): Variable 'h' is declared but never used. Unused variables should match /(^_)|(^__+$)|(^e$)|(^error$)/.
     ,-[harness-tests/pending-runtime/memory-runtime.test.ts:265:9]
 264 | it('rechecks recall after tool construction and excludes delegated tasks', async () => {
 265 |   const h = await conversationHarness(),
     :         |
     :         `-- 'h' is declared here
 266 |     scope = {
     `----
  help: Consider removing this declaration.

  ! eslint(no-unused-vars): Parameter 'options' is declared but never used. Unused parameters should match /(^_)|(^__+$)|(^e$)|(^error$)/.
     ,-[harness-tests/pending-runtime/execution-project-snapshots.test.ts:356:49]
 355 |         h.put.mockImplementationOnce(
 356 |           async (key: string, data: Uint8Array, options: any) => {
     :                                                 ^^^|^^^
     :                                                    `-- 'options' is declared here
 357 |             const copy = new Uint8Array(data)
     `----
  help: Consider removing this parameter.

  ! eslint(no-unused-vars): Parameter 'args' is declared but never used. Unused parameters should match /(^_)|(^__+$)|(^e$)|(^error$)/.
    ,-[harness-tests/core/assistant-kody-run-tools.test.ts:28:51]
 27 |   it('returns a filtered page and preserves the cursor for older runs', async () => {
 28 |     const call = vi.fn(async (_env, _user, _tool, args) => ({
    :                                                   ^^|^
    :                                                     `-- 'args' is declared here
 29 |       structuredContent: {
    `----
  help: Consider removing this parameter.

  ! eslint-plugin-react(no-children-prop): Avoid passing children using a prop.
    ,-[harness-tests/core/workspace-panels.test.ts:91:11]
 90 |           renderPanel: (id) => createElement('span', { 'data-view': id }, id),
 91 |           children: 'Conversation',
    :           ^^^^^^^^
 92 |         }),
    `----
  help: The canonical way to pass children in React is to use JSX elements

  ! eslint-plugin-react(no-children-prop): Avoid passing children using a prop.
     ,-[harness-tests/core/workspace-panels.test.ts:473:11]
 472 |           workspaceId: 'workspace',
 473 |           children: child,
     :           ^^^^^^^^
 474 |         }),
     `----
  help: The canonical way to pass children in React is to use JSX elements

  ! eslint(no-unused-vars): Parameter 'status' is declared but never used. Unused parameters should match /(^_)|(^__+$)|(^e$)|(^error$)/.
    ,-[harness-tests/core/kody-run-history.test.ts:56:44]
 55 |     }))
 56 |     const runList = vi.fn(async ({ cursor, status, error_triage }: any) =>
    :                                            ^^^|^^
    :                                               `-- 'status' is declared here
 57 |       cursor
    `----
  help: Consider removing this parameter.

  ! eslint(no-unused-vars): Parameter 'error_triage' is declared but never used. Unused parameters should match /(^_)|(^__+$)|(^e$)|(^error$)/.
    ,-[harness-tests/core/kody-run-history.test.ts:56:52]
 55 |     }))
 56 |     const runList = vi.fn(async ({ cursor, status, error_triage }: any) =>
    :                                                    ^^^^^^|^^^^^
    :                                                          `-- 'error_triage' is declared here
 57 |       cursor
    `----
  help: Consider removing this parameter.

  ! eslint(no-useless-escape): Unnecessary escape character '['
   ,-[src/utils/repo-path.ts:3:51]
 2 | 
 3 | const REPO_PATH_SEGMENT_PATTERN = /^[a-zA-Z0-9._$+\[\]-]+$/
   :                                                   ^^
 4 | 
   `----
  help: Replace `\[` with `[`.

  ! eslint(no-control-regex): Unexpected control characters
    ,-[src/chat/server/kody-actions.ts:14:14]
 13 |   .max(200)
 14 |   .regex(/^[^\u0000-\u001f\u007f]+$/)
    :              ^^^|^^ ^^^|^^
    :                 |      `-- 'U+001F' is a control character.
    :                 `-- 'U+0000' is a control character.
 15 |   .refine((value) => !['constructor', 'prototype', '__proto__'].includes(value))
    `----
  help: Avoid matching control characters in regular expressions. If intentional, consider using a Unicode escape instead.

  ! eslint(no-control-regex): Unexpected control characters
     ,-[src/chat/core/plugin-archive.ts:114:9]
 113 |       name.includes(':') ||
 114 |       /[\u0000-\u001f\u007f]/u.test(name)
     :         ^^^|^^ ^^^|^^
     :            |      `-- 'U+001F' is a control character.
     :            `-- 'U+0000' is a control character.
 115 |     )
     `----
  help: Avoid matching control characters in regular expressions. If intentional, consider using a Unicode escape instead.

  ! eslint(no-useless-escape): Unnecessary escape character '['
    ,-[src/chat/core/answers.ts:49:25]
 48 | const escapeMarkdown = (text: string) =>
 49 |   text.replace(/[\\`*_{}\[\]<>#!|]/g, '\\$&')
    :                         ^^
 50 | export function formatAnswer(result: AnswerResult) {
    `----
  help: Replace `\[` with `[`.

  ! eslint(no-control-regex): Unexpected control characters
    ,-[src/chat/core/bot-activity.ts:47:16]
 46 |   return text
 47 |     .replace(/[\u0000-\u001f\u007f]/g, ' ')
    :                ^^^|^^ ^^^|^^
    :                   |      `-- 'U+001F' is a control character.
    :                   `-- 'U+0000' is a control character.
 48 |     .replace(/\s+/g, ' ')
    `----
  help: Avoid matching control characters in regular expressions. If intentional, consider using a Unicode escape instead.

  ! eslint(no-control-regex): Unexpected control characters
     ,-[src/chat/core/execution-project-snapshot.ts:107:10]
 106 |       new TextEncoder().encode(value).byteLength <= 4096 &&
 107 |       !/[\u0000-\u001f\u007f\\]/.test(value) &&
     :          ^^^|^^ ^^^|^^
     :             |      `-- 'U+001F' is a control character.
     :             `-- 'U+0000' is a control character.
 108 |       value
     `----
  help: Avoid matching control characters in regular expressions. If intentional, consider using a Unicode escape instead.

  ! eslint(no-control-regex): Unexpected control characters
     ,-[src/chat/core/execution-project-snapshot.ts:118:25]
 117 |   .max(4096)
 118 |   .refine((value) => !/[\u0000-\u001f\u007f\\]/.test(value))
     :                         ^^^|^^ ^^^|^^
     :                            |      `-- 'U+001F' is a control character.
     :                            `-- 'U+0000' is a control character.
 119 | const mode = integer.max(0o7777)
     `----
  help: Avoid matching control characters in regular expressions. If intentional, consider using a Unicode escape instead.

  ! eslint(no-useless-escape): Unnecessary escape character '-'
    ,-[src/chat/core/message-attachments.ts:49:32]
 48 |     .regex(
 49 |       /^[a-z0-9][a-z0-9!#$&^_.+\-]{0,126}\/[a-z0-9][a-z0-9!#$&^_.+\-]{0,126}$/,
    :                                ^^
 50 |     ),
    `----
  help: Replace `\-` with `-`.

  ! eslint(no-useless-escape): Unnecessary escape character '-'
    ,-[src/chat/core/message-attachments.ts:49:67]
 48 |     .regex(
 49 |       /^[a-z0-9][a-z0-9!#$&^_.+\-]{0,126}\/[a-z0-9][a-z0-9!#$&^_.+\-]{0,126}$/,
    :                                                                   ^^
 50 |     ),
    `----
  help: Replace `\-` with `-`.

  ! eslint(no-control-regex): Unexpected control characters
     ,-[src/chat/core/conversation-copy.ts:186:11]
 185 |   return typeof value === 'string' &&
 186 |     /^[^\s\u0000-\u001f\u007f]{1,128}$/u.test(value)
     :           ^^^|^^ ^^^|^^
     :              |      `-- 'U+001F' is a control character.
     :              `-- 'U+0000' is a control character.
 187 |     ? value
     `----
  help: Avoid matching control characters in regular expressions. If intentional, consider using a Unicode escape instead.

  ! eslint-plugin-react-hooks(exhaustive-deps): React Hook useEffect has a missing dependency: 'store'
    ,-[src/chat/components/useRetryPreparation.ts:88:6]
 59 |       try {
 60 |         const saved = store().read()
    :                       ^^|^^
    :                         `-- useEffect uses `store` here
 61 |         const changed = selectedKey.current !== (saved?.idempotencyKey ?? null)
 62 |         if (changed || saved?.handled) {
 63 |           stop()
 64 |           setAttempt(undefined)
 65 |           setError('')
 66 |         }
 67 |         selectedKey.current = saved?.idempotencyKey ?? null
 68 |         setRecord(saved && !saved.handled ? saved : null)
 69 |       } catch (cause) {
 70 |         stop()
 71 |         setError(
 72 |           cause instanceof Error
 73 |             ? cause.message
 74 |             : 'Retry recovery is unavailable.',
 75 |         )
 76 |       }
 77 |     }
 78 |     restore()
 79 |     const changed = (event: StorageEvent) => {
 80 |       if (event.key === service.current?.key || event.key === null) restore()
 81 |     }
 82 |     window.addEventListener('storage', changed)
 83 |     return () => {
 84 |       window.removeEventListener('storage', changed)
 85 |       mounted.current = false
 86 |       stop()
 87 |     }
 88 |   }, [destination.sessionKey])
    :      ^^^^^^^^^^^^^^^^^^^^^^^^
 89 |   useEffect(() => {
    `----
  help: Either include it or remove the dependency array.

  ! eslint-plugin-react-hooks(exhaustive-deps): React Hook useEffect has a missing dependency: 'editor'
     ,-[src/chat/components/MemoryPanel.tsx:150:6]
 148 |   useEffect(() => {
 149 |     if (editor) titleRef.current?.focus()
     :         ^^^|^^
     :            `-- useEffect uses `editor` here
 150 |   }, [editor?.id])
     :      ^^^^^^^^^^^^
 151 |   useEffect(() => {
     `----
  help: Either include it or remove the dependency array.

  ! eslint-plugin-react-hooks(exhaustive-deps): React Hook useEffect has a missing dependency: 'forget'
     ,-[src/chat/components/MemoryPanel.tsx:153:6]
 151 |   useEffect(() => {
 152 |     if (forget) forgetRef.current?.focus()
     :         ^^^|^^
     :            `-- useEffect uses `forget` here
 153 |   }, [forget?.id])
     :      ^^^^^^^^^^^^
 154 |   const path = `conversations/${encodeURIComponent(conversationId)}/memories`
     `----
  help: Either include it or remove the dependency array.

  ! eslint-plugin-react-hooks(exhaustive-deps): React Hook useMemo has a missing dependency: 'identity'
    ,-[src/chat/components/ExecutionSessionHistory.tsx:52:61]
 51 |   const key = executionOwnerKey(identity)
 52 |   const http = useMemo(() => createExecutionHttp(identity), [key])
    :                                                  ^^^^|^^^   ^^^^^
    :                                                      `-- useMemo uses `identity` here
 53 |   const views = useExecutionOwnerViews()
    `----
  help: Either include it or remove the dependency array.

  ! eslint-plugin-react-hooks(exhaustive-deps): React Hook useMemo has unnecessary dependency: key
    ,-[src/chat/components/ExecutionSessionHistory.tsx:52:61]
 51 |   const key = executionOwnerKey(identity)
 52 |   const http = useMemo(() => createExecutionHttp(identity), [key])
    :                                                             ^^^^^
 53 |   const views = useExecutionOwnerViews()
    `----
  help: Either include it or remove the dependency array.

  ! eslint-plugin-react-hooks(exhaustive-deps): React hook useMemo depends on `receipts`, which changes every render
     ,-[src/chat/components/ExecutionSessionEvidence.tsx:146:6]
 129 | }) {
 130 |   const receipts = evidence.snapshot?.commands ?? []
     :         ^^^^|^^^
     :             `-- `receipts` is declared here
 131 |   const session = evidence.snapshot?.session
 132 |   const finished = useMemo(
 133 |     () =>
 134 |       new Set(
 135 |         receipts
 136 |           .filter(
 137 |             (item) =>
 138 |               item.operation.type === 'run' &&
 139 |               item.state === 'succeeded' &&
 140 |               item.result?.type === 'run' &&
 141 |               item.eventsThrough !== undefined &&
 142 |               item.eventsThrough <= evidence.eventStatus.receivedThrough,
 143 |           )
 144 |           .map((item) => item.id),
 145 |       ),
 146 |     [receipts, evidence.eventStatus.receivedThrough],
     :      ^^^^|^^^
     :          `-- it will always cause this hook to re-evaluate
 147 |   )
     `----
  help: Try memoizing this variable with `useRef` or `useCallback`.

  ! eslint-plugin-react-hooks(exhaustive-deps): React Hook useLayoutEffect has a missing dependency: 'restoreFocus'
     ,-[src/chat/components/EarlierMessages.tsx:189:6]
 186 |       dialog?.close()
 187 |       if (hadFocus) restoreFocus()
     :                     ^^^^^^|^^^^^
     :                           `-- useLayoutEffect uses `restoreFocus` here
 188 |     }
 189 |   }, [])
     :      ^^
 190 |   const [cursors, setCursors] = useState<Array<number | undefined>>([undefined])
     `----
  help: Either include it or remove the dependency array.

  ! eslint-plugin-react-hooks(exhaustive-deps): React Hook useEffect has missing dependencies: 'messageScope', and 'turn'
     ,-[src/chat/components/EarlierMessages.tsx:225:6]
 213 |   useEffect(() => {
 214 |     if (!targetMessageId || !turn || before !== undefined) return
     :                              ^^^^
 215 |     const frame = requestAnimationFrame(() => {
 216 |       const message = ref.current?.querySelector<HTMLElement>(
 217 |         `#${CSS.escape(messageAnchorId(targetMessageId, messageScope))}`,
     :                                                         ^^^^^^^^^^^^
 218 |       )
 219 |       if (message && focusIntent?.active()) {
 220 |         message.scrollIntoView({ block: 'center' })
 221 |         focusIntent.focus(message)
 222 |       }
 223 |     })
 224 |     return () => cancelAnimationFrame(frame)
 225 |   }, [targetMessageId, turn?.id, before, focusIntent])
     :      ^^^^^^^^^^^^^^^^^^^^^^^^^^^^^^^^^^^^^^^^^^^^^^^^
 226 |   const results = new Map<string, ToolResultPart>(
     `----
  help: Either include it or remove the dependency array.

  ! eslint(no-useless-escape): Unnecessary escape character '['
     ,-[src/chat/server/answer-evidence.ts:233:27]
 232 |   const escape = (text: string) =>
 233 |     text.replace(/[\\`*_{}\[\]()#+.!<>|~-]/g, '\\$&')
     :                           ^^
 234 |   const source = [passage.serverLabel, passage.toolName]
     `----
  help: Replace `\[` with `[`.

  ! eslint-plugin-react-hooks(exhaustive-deps): React Hook useEffect has a missing dependency: 'identity'
     ,-[src/chat/components/ExecutionSessionPanel.tsx:179:6]
 166 |       void owners
 167 |         .inspect(identity)
     :                  ^^^^|^^^
     :                      `-- useEffect uses `identity` here
 168 |         .catch((error) => {
 169 |           if (!cancelled && mounted.current && current())
 170 |             setError(errorText(error))
 171 |         })
 172 |         .finally(() => {
 173 |           if (!cancelled && mounted.current && current()) setBusy(null)
 174 |         })
 175 |     }
 176 |     return () => {
 177 |       cancelled = true
 178 |     }
 179 |   }, [owners, key, completions])
     :      ^^^^^^^^^^^^^^^^^^^^^^^^^^
 180 | 
     `----
  help: Either include it or remove the dependency array.

  ! eslint-plugin-react(no-children-prop): Avoid passing children using a prop.
    ,-[src/chat/components/PendingTaskCard.tsx:33:7]
 32 |       onDismiss={() => void onDismiss()}
 33 |       children={
    :       ^^^^^^^^
 34 |         guide ? (
    `----
  help: The canonical way to pass children in React is to use JSX elements

  ! eslint-plugin-react-hooks(exhaustive-deps): React Hook useEffect has missing dependencies: 'recover', 'storageKey', and 'query'
     ,-[src/chat/components/Schedules.tsx:758:6]
 745 |     mounted.current = true
 746 |     recover()
     :     ^^^^^^^
 747 |     const changed = (event: StorageEvent) => {
 748 |       if (event.key === storageKey || event.key === null) {
     :                         ^^^^^^^^^^
 749 |         recover()
 750 |         void query.refetch()
     :              ^^^^^
 751 |       }
 752 |     }
 753 |     window.addEventListener('storage', changed)
 754 |     return () => {
 755 |       mounted.current = false
 756 |       window.removeEventListener('storage', changed)
 757 |     }
 758 |   }, [])
     :      ^^
 759 |   async function command(value: ScheduleCommand) {
     `----
  help: Either include it or remove the dependency array.

  ! eslint-plugin-react-hooks(exhaustive-deps): React Hook useCallback has missing dependencies: 'drag', 'groupDrop', and 'drop'
     ,-[src/chat/components/BotDrag.tsx:305:5]
 300 |     (element: Element | null) => {
 301 |       drag.ref(element)
     :       ^^^^
 302 |       drop.ref(element)
     :       ^^^^
 303 |       groupDrop.ref(element)
     :       ^^^^^^^^^
 304 |     },
 305 |     [drag.ref, drop.ref, groupDrop.ref],
     :     ^^^^^^^^^^^^^^^^^^^^^^^^^^^^^^^^^^^
 306 |   )
     `----
  help: Either include it or remove the dependency array.

  ! eslint-plugin-react-hooks(exhaustive-deps): React Hook useCallback has unnecessary dependency: groupDrop.ref
     ,-[src/chat/components/BotDrag.tsx:305:5]
 304 |     },
 305 |     [drag.ref, drop.ref, groupDrop.ref],
     :     ^^^^^^^^^^^^^^^^^^^^^^^^^^^^^^^^^^^
 306 |   )
     `----
  help: Either include it or remove the dependency array.

  ! eslint-plugin-react-hooks(exhaustive-deps): React Hook useCallback has unnecessary dependency: drag.ref
     ,-[src/chat/components/BotDrag.tsx:305:5]
 304 |     },
 305 |     [drag.ref, drop.ref, groupDrop.ref],
     :     ^^^^^^^^^^^^^^^^^^^^^^^^^^^^^^^^^^^
 306 |   )
     `----
  help: Either include it or remove the dependency array.

  ! eslint-plugin-react-hooks(exhaustive-deps): React Hook useCallback has unnecessary dependency: drop.ref
     ,-[src/chat/components/BotDrag.tsx:305:5]
 304 |     },
 305 |     [drag.ref, drop.ref, groupDrop.ref],
     :     ^^^^^^^^^^^^^^^^^^^^^^^^^^^^^^^^^^^
 306 |   )
     `----
  help: Either include it or remove the dependency array.

  ! eslint(no-unused-vars): Type 'CopyExportProgress' is imported but never used.
   ,-[src/chat/server/conversation-copies.ts:7:8]
 6 |   copyBoundarySchema,
 7 |   type CopyExportProgress,
   :        ^^^^^^^^^|^^^^^^^^
   :                 `-- 'CopyExportProgress' is imported here
 8 |   type CopyExportRequest,
   `----
  help: Consider removing this import.

  ! eslint(no-unused-vars): Type 'CopyExportRequest' is imported but never used.
   ,-[src/chat/server/conversation-copies.ts:8:8]
 7 |   type CopyExportProgress,
 8 |   type CopyExportRequest,
   :        ^^^^^^^^|^^^^^^^^
   :                `-- 'CopyExportRequest' is imported here
 9 |   type CopyIdentity,
   `----
  help: Consider removing this import.

  ! eslint(no-unused-vars): Type 'CopyKind' is imported but never used.
    ,-[src/chat/server/conversation-copies.ts:10:8]
  9 |   type CopyIdentity,
 10 |   type CopyKind,
    :        ^^^^|^^^
    :            `-- 'CopyKind' is imported here
 11 |   type CopyManifest,
    `----
  help: Consider removing this import.

  ! eslint(no-unused-vars): Type 'CopyPage' is imported but never used.
    ,-[src/chat/server/conversation-copies.ts:12:8]
 11 |   type CopyManifest,
 12 |   type CopyPage,
    :        ^^^^|^^^
    :            `-- 'CopyPage' is imported here
 13 | } from '../core/conversation-copy'
    `----
  help: Consider removing this import.

  ! eslint-plugin-react-hooks(exhaustive-deps): React Hook useMemo has a missing dependency: 'scope'
    ,-[src/chat/components/usePendingSend.ts:30:47]
 29 |   const key = sendReceiptKey(scope)
 30 |   const owner = useMemo(() => ({ ...scope }), [key])
    :                                     ^^|^^     ^^^^^
    :                                       `-- useMemo uses `scope` here
 31 |   const [state, setState] = useState({
    `----
  help: Either include it or remove the dependency array.

  ! eslint-plugin-react-hooks(exhaustive-deps): React Hook useMemo has unnecessary dependency: key
    ,-[src/chat/components/usePendingSend.ts:30:47]
 29 |   const key = sendReceiptKey(scope)
 30 |   const owner = useMemo(() => ({ ...scope }), [key])
    :                                               ^^^^^
 31 |   const [state, setState] = useState({
    `----
  help: Either include it or remove the dependency array.

  ! eslint-plugin-react-hooks(exhaustive-deps): React Hook useEffect has a missing dependency: 'perform'
     ,-[src/chat/components/usePendingSend.ts:172:6]
 161 |     mounted.current = true
 162 |     void perform('check', (coordinator) => coordinator.check())
     :          ^^^|^^^
     :             `-- useEffect uses `perform` here
 163 |     const changed = (event: StorageEvent) => {
 164 |       if (event.key === key || event.key === null)
 165 |         void perform('check', (coordinator) => coordinator.check())
 166 |     }
 167 |     window.addEventListener('storage', changed)
 168 |     return () => {
 169 |       mounted.current = false
 170 |       window.removeEventListener('storage', changed)
 171 |     }
 172 |   }, [key, enabled])
     :      ^^^^^^^^^^^^^^
 173 |   const submission = useMutation({
     `----
  help: Either include it or remove the dependency array.

  ! eslint-plugin-react-hooks(exhaustive-deps): React Hook useEffect has a missing dependency: 'finishEditing'
     ,-[src/chat/components/RetryComposer.tsx:299:6]
 296 |           sent.current = true
 297 |           finishEditing()
     :           ^^^^^^|^^^^^^
     :                 `-- useEffect uses `finishEditing` here
 298 |         }
 299 | ,->   }, [
 300 | |       unavailable,
 301 | |       matching,
 302 | |       draft.ready,
 303 | |       draft.document,
 304 | |       draft.dirty,
 305 | |       draft.error,
 306 | |       consumed,
 307 | |       laterEdits,
 308 | |       pending.ready,
 309 | |       pending.pending,
 310 | |       pending.busy,
 311 | |       attempt.submittedMessageId,
 312 | |       attempt.submittedDraftRevision,
 313 | |       onSent,
 314 | |       draft.editor,
 315 | `->   ])
 316 |       async function send(event?: FormEvent) {
     `----
  help: Either include it or remove the dependency array.

  ! eslint-plugin-react-hooks(exhaustive-deps): React Hook useMemo has missing dependencies: 'destination.conversationId', 'destination.workspaceId', 'destination.userId', and 'destination.botId'
    ,-[src/chat/components/useRetryDraft.ts:43:5]
 21 |           scope: {
 22 |             userId: destination.userId,
    :                     ^^^^^^^^^^^
 23 |             workspaceId: destination.workspaceId,
    :                          ^^^^^^^^^^^
 24 |             botId: destination.botId,
    :                    ^^^^^^^^^^^
 25 |             conversationId: destination.conversationId,
    :                             ^^^^^^^^^^^
 26 |           },
 27 |           attemptId: attempt.attemptId,
 28 |           storage: {
 29 |             getItem: (key) => localStorage.getItem(key),
 30 |             setItem: (key, value) => localStorage.setItem(key, value),
 31 |           },
 32 |           lock: (key, operation) => {
 33 |             if (!navigator.locks)
 34 |               return Promise.reject(
 35 |                 new Error(
 36 |                   'Use an up-to-date browser to save this draft safely.',
 37 |                 ),
 38 |               )
 39 |             return navigator.locks.request(key, operation)
 40 |           },
 41 |         }),
 42 |       ),
 43 |     [destination.sessionKey, attempt.attemptId],
    :     ^^^^^^^^^^^^^^^^^^^^^^^^^^^^^^^^^^^^^^^^^^^
 44 |   )
    `----
  help: Either include it or remove the dependency array.

  ! eslint-plugin-react-hooks(exhaustive-deps): React Hook useMemo has unnecessary dependency: destination.sessionKey
    ,-[src/chat/components/useRetryDraft.ts:43:5]
 42 |       ),
 43 |     [destination.sessionKey, attempt.attemptId],
    :     ^^^^^^^^^^^^^^^^^^^^^^^^^^^^^^^^^^^^^^^^^^^
 44 |   )
    `----
  help: Either include it or remove the dependency array.

  ! eslint-plugin-react-hooks(exhaustive-deps): React Hook useEffect has a missing dependency: 'reload'
    ,-[src/chat/components/useRetryDraft.ts:71:6]
 69 |   useEffect(() => {
 70 |     void reload()
    :          ^^^|^^
    :             `-- useEffect uses `reload` here
 71 |   }, [editor, seedJson])
    :      ^^^^^^^^^^^^^^^^^^
 72 |   useEffect(() => {
    `----
  help: Either include it or remove the dependency array.

  ! eslint(no-unused-vars): Identifier 'createRef' is imported but never used.
   ,-[src/chat/components/deferredPanel.tsx:2:21]
 1 | import { LoadingState } from './ui/LoadingState'
 2 | import { Component, createRef, lazy, Suspense, type ComponentType } from 'react'
   :                     ^^^^|^^^^
   :                         `-- 'createRef' is imported here
 3 | 
   `----
  help: Consider removing this import.

  ! eslint(no-unused-vars): Identifier 'IconButton' is imported but never used.
   ,-[src/chat/components/HomeDashboard.tsx:4:10]
 3 | import { LoadingState } from './ui/LoadingState'
 4 | import { IconButton } from './IconButton'
   :          ^^^^^|^^^^
   :               `-- 'IconButton' is imported here
 5 | import { useEffect, useRef, type ReactNode } from 'react'
   `----
  help: Consider removing this import.

  ! eslint-plugin-react-hooks(exhaustive-deps): React Hook useEffect has a missing dependency: 'refreshKody'
     ,-[src/chat/components/ComposerReferences.tsx:742:6]
 740 |         )
 741 |           void refreshKody()
     :                ^^^^^|^^^^^
     :                     `-- useEffect uses `refreshKody` here
 742 | ,->   }, [
 743 | |       toolPickerOpen,
 744 | |       query.data?.kodyStatus,
 745 | |       query.data?.kodyObjectsStatus,
 746 | |       query.dataUpdatedAt,
 747 | |       refreshScope,
 748 | `->   ])
 749 |       useEffect(() => {
     `----
  help: Either include it or remove the dependency array.

  ! eslint-plugin-react-hooks(exhaustive-deps): React Hook useEffect has a missing dependency: 'refreshTools'
     ,-[src/chat/components/ComposerReferences.tsx:761:6]
 759 |         )
 760 |         if (next) void refreshTools(next, true)
     :                        ^^^^^^|^^^^^
     :                              `-- useEffect uses `refreshTools` here
 761 | ,->   }, [
 762 | |       toolPickerOpen,
 763 | |       kind,
 764 | |       query.data?.toolSources,
 765 | |       query.dataUpdatedAt,
 766 | |       refreshBusy,
 767 | |       refreshScope,
 768 | `->   ])
 769 |       useEffect(() => {
     `----
  help: Either include it or remove the dependency array.

  ! eslint-plugin-react-hooks(exhaustive-deps): React Hook useEffect has missing dependencies: 'close', and 'choose'
     ,-[src/chat/components/ComposerReferences.tsx:910:6]
 881 |             event.stopPropagation()
 882 |             close()
     :             ^^^^^
 883 |             return
 884 |           }
 885 |           if (!['ArrowDown', 'ArrowUp', 'Enter'].includes(event.key)) return
 886 |           if (event.isComposing) return
 887 |           event.preventDefault()
 888 |           event.stopPropagation()
 889 |           if (!displayedItems.length) return
 890 |           if (event.key === 'ArrowDown')
 891 |             setActiveIndex((index) => (index + 1) % displayedItems.length)
 892 |           else if (event.key === 'ArrowUp')
 893 |             setActiveIndex(
 894 |               (index) =>
 895 |                 (index + displayedItems.length - 1) % displayedItems.length,
 896 |             )
 897 |           else {
 898 |             const item = displayedItems[activeIndex]
 899 |             if (
 900 |               item &&
 901 |               !query.isPlaceholderData &&
 902 |               !selected.has(referenceKey(item)) &&
 903 |               !composerReferenceLimit(references.items, item)
 904 |             )
 905 |               void choose(item)
     :                    ^^^^^^
 906 |           }
 907 |         }
 908 |         document.addEventListener('keydown', onKeyDown, true)
 909 |         return () => document.removeEventListener('keydown', onKeyDown, true)
 910 | ,->   }, [
 911 | |       open,
 912 | |       mention,
 913 | |       inspectingSkill,
 914 | |       inspectingKody,
 915 | |       displayedItems,
 916 | |       activeIndex,
 917 | |       selected,
 918 | |       references,
 919 | |       query.isPlaceholderData,
 920 | |       composerInput,
 921 | `->   ])
 922 |       const fileCount =
     `----
  help: Either include it or remove the dependency array.

  ! eslint-plugin-react-hooks(exhaustive-deps): React hook useEffect depends on `selected`, which changes every render
     ,-[src/chat/components/ComposerReferences.tsx:917:5]
 787 |   }
 788 |   const selected = new Set(references.items.map(referenceKey))
     :         ^^^^|^^^
     :             `-- `selected` is declared here
 789 |   const catalogItems = query.data?.items ?? []
 790 |   const rankedItems = queryText.trim()
 791 |     ? rankPalette(
 792 |         catalogItems.map((item) => ({
 793 |           ...item,
 794 |           id: referenceKey(item),
 795 |           kind:
 796 |             item.kind === 'file'
 797 |               ? ('file' as const)
 798 |               : item.kind === 'conversation'
 799 |                 ? ('conversation' as const)
 800 |                 : ('action' as const),
 801 |           aliases:
 802 |             item.kind === 'kody' &&
 803 |             item.entity.startsWith('package:') &&
 804 |             !item.entity.includes('#') &&
 805 |             item.label.includes('/')
 806 |               ? [item.label.slice(item.label.lastIndexOf('/') + 1)]
 807 |               : undefined,
 808 |           keywords: [item.detail ?? '', item.kind],
 809 |           recentAt: item.kind === 'file' ? item.recentAt : undefined,
 810 |           reference: item,
 811 |         })),
 812 |         queryText,
 813 |         { limit: 50, diversify: false },
 814 |       ).map((item) => item.reference)
 815 |     : catalogItems
 816 |         .filter((item) => item.detail !== 'Archived')
 817 |         .sort((a, b) => {
 818 |           const priority = (item: MessageReference) =>
 819 |             ({
 820 |               connection: 0,
 821 |               conversation: 1,
 822 |               file: 2,
 823 |               kody: 3,
 824 |               tool: 4,
 825 |               skill: 5,
 826 |               plugin: 6,
 827 |             })[item.kind]
 828 |           return priority(a) - priority(b) || a.label.localeCompare(b.label)
 829 |         })
 830 |   const displayedItems = rankedItems.slice(0, queryText.trim() ? 30 : 12)
 831 |   useEffect(() => {
 832 |     const input = mention ? composerInput.current : searchInput.current
 833 |     if (!input || !open) return
 834 |     input.setAttribute('aria-controls', listboxId)
 835 |     input.setAttribute('aria-haspopup', 'listbox')
 836 |     input.setAttribute('aria-expanded', 'true')
 837 |     input.setAttribute('aria-autocomplete', 'list')
 838 |     return () => {
 839 |       input.removeAttribute('aria-controls')
 840 |       input.removeAttribute('aria-haspopup')
 841 |       input.removeAttribute('aria-expanded')
 842 |       input.removeAttribute('aria-autocomplete')
 843 |       input.removeAttribute('aria-activedescendant')
 844 |     }
 845 |   }, [composerInput, listboxId, mention, open])
 846 |   useEffect(() => {
 847 |     const input = mention ? composerInput.current : searchInput.current
 848 |     if (open && displayedItems[activeIndex])
 849 |       input?.setAttribute(
 850 |         'aria-activedescendant',
 851 |         `${listboxId}-choice-${activeIndex}`,
 852 |       )
 853 |     else input?.removeAttribute('aria-activedescendant')
 854 |   }, [activeIndex, composerInput, displayedItems, listboxId, mention, open])
 855 |   useEffect(() => setActiveIndex(0), [queryText, kind])
 856 |   useEffect(() => {
 857 |     if (activeIndex > 0)
 858 |       document
 859 |         .getElementById(`${listboxId}-choice-${activeIndex}`)
 860 |         ?.scrollIntoView({ block: 'nearest' })
 861 |   }, [activeIndex, listboxId])
 862 |   const choose = async (item: MessageReference) => {
 863 |     const trigger = mention
 864 |     if (await references.add(item)) {
 865 |       focusComposerAfterClose.current = true
 866 |       close()
 867 |       onSelected(trigger)
 868 |     }
 869 |   }
 870 |   useEffect(() => {
 871 |     if (!open || inspectingSkill || inspectingKody) return
 872 |     const onKeyDown = (event: KeyboardEvent) => {
 873 |       if (
 874 |         mention
 875 |           ? document.activeElement !== composerInput.current
 876 |           : document.activeElement !== searchInput.current
 877 |       )
 878 |         return
 879 |       if (event.key === 'Escape') {
 880 |         event.preventDefault()
 881 |         event.stopPropagation()
 882 |         close()
 883 |         return
 884 |       }
 885 |       if (!['ArrowDown', 'ArrowUp', 'Enter'].includes(event.key)) return
 886 |       if (event.isComposing) return
 887 |       event.preventDefault()
 888 |       event.stopPropagation()
 889 |       if (!displayedItems.length) return
 890 |       if (event.key === 'ArrowDown')
 891 |         setActiveIndex((index) => (index + 1) % displayedItems.length)
 892 |       else if (event.key === 'ArrowUp')
 893 |         setActiveIndex(
 894 |           (index) =>
 895 |             (index + displayedItems.length - 1) % displayedItems.length,
 896 |         )
 897 |       else {
 898 |         const item = displayedItems[activeIndex]
 899 |         if (
 900 |           item &&
 901 |           !query.isPlaceholderData &&
 902 |           !selected.has(referenceKey(item)) &&
 903 |           !composerReferenceLimit(references.items, item)
 904 |         )
 905 |           void choose(item)
 906 |       }
 907 |     }
 908 |     document.addEventListener('keydown', onKeyDown, true)
 909 |     return () => document.removeEventListener('keydown', onKeyDown, true)
 910 |   }, [
 911 |     open,
 912 |     mention,
 913 |     inspectingSkill,
 914 |     inspectingKody,
 915 |     displayedItems,
 916 |     activeIndex,
 917 |     selected,
     :     ^^^^|^^^
     :         `-- it will always cause this hook to re-evaluate
 918 |     references,
     `----
  help: Try memoizing this variable with `useRef` or `useCallback`.

  ! eslint(no-control-regex): Unexpected control characters
    ,-[src/chat/components/generated-file-cache.ts:42:7]
 41 |     scopeKey.length > maxGeneratedFileScopeLength ||
 42 |     /[\x00-\x1f\x7f]/.test(scopeKey) ||
    :       ^^|^ ^^|^
    :         |    `-- 'U+001F' is a control character.
    :         `-- 'U+0000' is a control character.
 43 |     typeof fileId !== 'string' ||
    `----
  help: Avoid matching control characters in regular expressions. If intentional, consider using a Unicode escape instead.

  ! eslint(no-control-regex): Unexpected control characters
    ,-[src/chat/components/generated-file-cache.ts:54:8]
 53 |     value.name.length <= 255 &&
 54 |     !/[\x00-\x1f\x7f/\\]/.test(value.name) &&
    :        ^^|^ ^^|^
    :          |    `-- 'U+001F' is a control character.
    :          `-- 'U+0000' is a control character.
 55 |     typeof value.type === 'string' &&
    `----
  help: Avoid matching control characters in regular expressions. If intentional, consider using a Unicode escape instead.

  ! eslint-plugin-react-hooks(exhaustive-deps): React Hook useEffect has an unnecessary dependency: createOwners.
    ,-[src/chat/components/ExecutionOwners.tsx:51:7]
 50 |     }
 51 |   }, [createOwners])
    :       ^^^^^^^^^^^^
 52 |   return (
    `----
  help: Consider removing it from the dependency array. Outer scope values aren't valid dependencies because mutating them doesn't re-render the component.

  ! eslint-plugin-react-hooks(exhaustive-deps): React hook useEffect depends on `createOwners`, which changes every render
    ,-[src/chat/components/ExecutionOwners.tsx:9:10]
  8 | // This effect dependency binds each owner to one version of its executable code.
  9 | function createOwners(getContainer: () => HTMLDivElement | null) {
    :          ^^^^^^|^^^^^
    :                `-- `createOwners` is declared here
 10 |   return new ExecutionOwners({
    `----
    ,-[src/chat/components/ExecutionOwners.tsx:51:7]
 50 |     }
 51 |   }, [createOwners])
    :       ^^^^^^|^^^^^
    :             `-- it will always cause this hook to re-evaluate
 52 |   return (
    `----
  help: Try memoizing this variable with `useRef` or `useCallback`.

  ! eslint(no-useless-escape): Unnecessary escape character '/'
     ,-[src/chat/components/useComposerReferences.ts:204:34]
 203 |   // Do not turn a path, URL or filename into a skill when the caret is in it.
 204 |   if (slash && /^[^\s()[\]{},;]*[\/\\.:?#]/u.test(text.slice(start)))
     :                                  ^^
 205 |     return null
     `----
  help: Replace `\/` with `/`.

  ! eslint-plugin-react-hooks(exhaustive-deps): React Hook useEffect has missing dependencies: 'invalidate', 'recover', and 'recoveryKey'
     ,-[src/chat/components/PluginSettings.tsx:412:6]
 399 |     mounted.current = true
 400 |     recover()
     :     ^^^^^^^
 401 |     const changed = (event: StorageEvent) => {
 402 |       if (event.key === recoveryKey || event.key === null) {
     :                         ^^^^^^^^^^^
 403 |         recover()
 404 |         void invalidate()
     :              ^^^^^^^^^^
 405 |       }
 406 |     }
 407 |     window.addEventListener('storage', changed)
 408 |     return () => {
 409 |       mounted.current = false
 410 |       window.removeEventListener('storage', changed)
 411 |     }
 412 |   }, [])
     :      ^^
 413 |   const list = useInfiniteQuery({
     `----
  help: Either include it or remove the dependency array.

  ! eslint-plugin-react-hooks(exhaustive-deps): React Hook useMemo has missing dependencies: 'seed.sections', 'seed', 'seed.activity', 'seed.workspace.id', 'seed.user.id', and 'seed.bots'
    ,-[src/chat/components/useWorkspaceCollections.ts:34:5]
 20 |     () =>
 21 |       seed
    :       ^^^^
 22 |         ? createWorkspaceCollections({
 23 |             request,
 24 |             initial: {
 25 |               workspaceId: seed.workspace.id,
    :                            ^^^^^^^^^^^^^^
 26 |               userId: seed.user.id,
    :                       ^^^^^^^^^
 27 |               bots: seed.bots,
    :                     ^^^^
 28 |               sections: seed.sections,
    :                         ^^^^
 29 |             },
 30 |             initialActivity: seed.activity,
    :                              ^^^^
 31 |             streamUrl: url('workspace-sync/stream'),
 32 |           })
 33 |         : undefined,
 34 |     [request, url, workspaceId, userId],
    :     ^^^^^^^^^^^^^^^^^^^^^^^^^^^^^^^^^^^
 35 |   )
    `----
  help: Either include it or remove the dependency array.

  ! eslint-plugin-react-hooks(exhaustive-deps): React Hook useMemo has unnecessary dependency: userId
    ,-[src/chat/components/useWorkspaceCollections.ts:34:5]
 33 |         : undefined,
 34 |     [request, url, workspaceId, userId],
    :     ^^^^^^^^^^^^^^^^^^^^^^^^^^^^^^^^^^^
 35 |   )
    `----
  help: Either include it or remove the dependency array.

  ! eslint-plugin-react-hooks(exhaustive-deps): React Hook useMemo has unnecessary dependency: workspaceId
    ,-[src/chat/components/useWorkspaceCollections.ts:34:5]
 33 |         : undefined,
 34 |     [request, url, workspaceId, userId],
    :     ^^^^^^^^^^^^^^^^^^^^^^^^^^^^^^^^^^^
 35 |   )
    `----
  help: Either include it or remove the dependency array.

  ! eslint-plugin-react(no-children-prop): Avoid passing children using a prop.
     ,-[harness-tests/core/composer-references.test.ts:501:9]
 500 |         client: new QueryClient(),
 501 |         children: createElement(ComposerReferences, {
     :         ^^^^^^^^
 502 |           userId: 'viewer',
     `----
  help: The canonical way to pass children in React is to use JSX elements

  ! eslint-plugin-react(no-children-prop): Avoid passing children using a prop.
     ,-[harness-tests/core/composer-references.test.ts:557:9]
 556 |         client: new QueryClient(),
 557 |         children: createElement(ComposerReferences, {
     :         ^^^^^^^^
 558 |           userId: 'viewer',
     `----
  help: The canonical way to pass children in React is to use JSX elements

  ! eslint(no-unused-vars): Variable 'setThreadFocus' is declared but never used. Unused variables should match /(^_)|(^__+$)|(^e$)|(^error$)/.
     ,-[src/chat/components/ConversationView.tsx:152:23]
 151 |   const paneFocus = useRef<HTMLButtonElement | null>(null)
 152 |   const [threadFocus, setThreadFocus] = useState<{
     :                       ^^^^^^^|^^^^^^
     :                              `-- 'setThreadFocus' is declared here
 153 |     id: string
     `----
  help: Consider removing this declaration.

  ! eslint-plugin-react-hooks(exhaustive-deps): React Hook useEffect has a missing dependency: 'search.executionHistory'
     ,-[src/chat/components/ConversationView.tsx:242:6]
 219 |           !embedded &&
 220 |           search.executionHistory &&
     :           ^^^|^^
     :              `-- useEffect uses `search.executionHistory` here
 221 |           search.executionHistory.conversationId !== destination.conversationId
 222 |         )
 223 |           void navigate({
 224 |             to: '.',
 225 |             search: (previous: Record<string, unknown>) => {
 226 |               const current = validateWorkspaceSearch(previous)
 227 |               // Do not remove a newer selection made after this render.
 228 |               return current.executionHistory?.conversationId ===
 229 |                 search.executionHistory?.conversationId &&
 230 |                 current.executionHistory?.sessionId ===
 231 |                   search.executionHistory?.sessionId
 232 |                 ? selectExecutionHistory(
 233 |                     current,
 234 |                     destination.conversationId,
 235 |                     undefined,
 236 |                   )
 237 |                 : current
 238 |             },
 239 |             replace: true,
 240 |             resetScroll: false,
 241 |           })
 242 | ,->   }, [
 243 | |       embedded,
 244 | |       destination.conversationId,
 245 | |       search.executionHistory?.conversationId,
 246 | |       search.executionHistory?.sessionId,
 247 | |       navigate,
 248 | `->   ])
 249 |       const selectMessage = (message?: string) =>
     `----
  help: Either include it or remove the dependency array.

  ! eslint-plugin-react-hooks(exhaustive-deps): React Hook useEffect has a missing dependency: 'openCopy'
     ,-[src/chat/components/CopyBotDialog.tsx:252:6]
 250 |     opened.current = current.operationId
 251 |     void openCopy(current.botId)
     :          ^^^^|^^^
     :              `-- useEffect uses `openCopy` here
 252 |   }, [current?.operationId, current?.status, current?.botId])
     :      ^^^^^^^^^^^^^^^^^^^^^^^^^^^^^^^^^^^^^^^^^^^^^^^^^^^^^^^
 253 |   async function submit() {
     `----
  help: Either include it or remove the dependency array.

  ! eslint-plugin-react-hooks(exhaustive-deps): React Hook useEffect has a complex expression in the dependency array.
     ,-[src/chat/components/ConversationWorkspace.tsx:172:30]
 171 |     previousActive.current = state.active
 172 |   }, [state.active, visible, state.tabs.join(','), returnFocus, focusActiveTab])
     :                              ^^^^^^^^^^^^^^^^^^^^
 173 |   useEffect(() => {
     `----
  help: Extract the expression to a separate variable so it can be statically checked.

  ! eslint-plugin-react-hooks(exhaustive-deps): React Hook useLayoutEffect has a missing dependency: 'identity'
     ,-[src/chat/components/ExecutionPreviewViewport.tsx:242:6]
 233 |         if (!owners || !active || !available || !ref.current) return
 234 |         const attachment = owners.attachPreviewViewport(identity, previewId)
     :                                                         ^^^^|^^^
     :                                                             `-- useLayoutEffect uses `identity` here
 235 |         const disconnect = observeExecutionPreviewViewport(ref.current, (bounds) =>
 236 |           attachment.update(bounds),
 237 |         )
 238 |         return () => {
 239 |           disconnect()
 240 |           attachment.release()
 241 |         }
 242 | ,->   }, [
 243 | |       owners,
 244 | |       key,
 245 | |       previewId,
 246 | |       active,
 247 | |       available,
 248 | |       session?.id,
 249 | |       session?.runtimeId,
 250 | |       session?.hostGeneration,
 251 | `->   ])
 252 |       return (
     `----
  help: Either include it or remove the dependency array.

  ! eslint-plugin-react-hooks(exhaustive-deps): The ref's value `.current` is accessed directly in the effect cleanup function.
     ,-[src/chat/components/useRetryAttachments.ts:195:31]
 194 |       mounted.current = false
 195 |       for (const operation of operations.current.values()) operation.abort()
     :                               ^^^^^^^^^^^^^^^^^^
 196 |       operations.current.clear()
     `----
  help: The ref value will likely have changed by the time this effect cleanup function runs. If this ref points to a node rendered by react, copy it to a variable inside the effect and use that variable in the cleanup function.

  ! eslint-plugin-react-hooks(exhaustive-deps): The ref's value `.current` is accessed directly in the effect cleanup function.
     ,-[src/chat/components/useRetryAttachments.ts:196:7]
 195 |       for (const operation of operations.current.values()) operation.abort()
 196 |       operations.current.clear()
     :       ^^^^^^^^^^^^^^^^^^
 197 |     }
     `----
  help: The ref value will likely have changed by the time this effect cleanup function runs. If this ref points to a node rendered by react, copy it to a variable inside the effect and use that variable in the cleanup function.

  ! eslint-plugin-react-hooks(exhaustive-deps): React Hook useEffect has a missing dependency: 'run'
     ,-[src/chat/components/useRetryAttachments.ts:210:6]
 208 |     for (const file of files)
 209 |       if (!checked.current.has(file.id)) void run(file.id)
     :                                               ^|^
     :                                                `-- useEffect uses `run` here
 210 |   }, [state.ready, state.draft, state.saving, state.dirty, state.error, locked])
     :      ^^^^^^^^^^^^^^^^^^^^^^^^^^^^^^^^^^^^^^^^^^^^^^^^^^^^^^^^^^^^^^^^^^^^^^^^^^
 211 | 
     `----
  help: Either include it or remove the dependency array.

  ! eslint-plugin-react-hooks(exhaustive-deps): The ref's value `.current` is accessed directly in the effect cleanup function.
     ,-[src/chat/components/SketchPad.tsx:165:7]
 164 |       mounted.current = false
 165 |       exportGeneration.current++
     :       ^^^^^^^^^^^^^^^^^^^^^^^^
 166 |     }
     `----
  help: The ref value will likely have changed by the time this effect cleanup function runs. If this ref points to a node rendered by react, copy it to a variable inside the effect and use that variable in the cleanup function.

  ! eslint-plugin-react-hooks(exhaustive-deps): React Hook useEffect has missing dependencies: 'recover', 'invalidate', and 'recoveryKey'
     ,-[src/chat/components/SkillSettings.tsx:173:6]
 159 |     mounted.current = true
 160 |     recover()
     :     ^^^^^^^
 161 |     const changed = (event: StorageEvent) => {
 162 |       if (event.key === recoveryKey || event.key === null) {
     :                         ^^^^^^^^^^^
 163 |         recover()
 164 |         void invalidate()
     :              ^^^^^^^^^^
 165 |       }
 166 |     }
 167 |     window.addEventListener('storage', changed)
 168 |     return () => {
 169 |       mounted.current = false
 170 |       window.removeEventListener('storage', changed)
 171 |       if (exportUrl.current) URL.revokeObjectURL(exportUrl.current)
 172 |     }
 173 |   }, [])
     :      ^^
 174 |   const list = useInfiniteQuery({
     `----
  help: Either include it or remove the dependency array.

  ! eslint(no-unused-vars): Parameter 'onCompose' is declared but never used. Unused parameters should match /(^_)|(^__+$)|(^e$)|(^error$)/.
      ,-[src/chat/components/BotWorkspace.tsx:1418:3]
 1417 |   onPrefetch,
 1418 |   onCompose,
      :   ^^^^|^^^^
      :       `-- 'onCompose' is declared here
 1419 |   onCreate,
      `----
  help: Consider removing this parameter.

  ! eslint-plugin-react-hooks(exhaustive-deps): React Hook useEffect has a missing dependency: 'userId'
    ,-[src/chat/components/AppearanceSettings.tsx:34:6]
 31 |   useEffect(() => {
 32 |     if (query.data && !localOnly(userId))
    :                                  ^^^|^^
    :                                     `-- useEffect uses `userId` here
 33 |       setAppearanceSettings(query.data.appearance ?? defaultAppearance)
 34 |   }, [query.data])
    :      ^^^^^^^^^^^^
 35 |   return null
    `----
  help: Either include it or remove the dependency array.

  ! eslint-plugin-react-hooks(exhaustive-deps): React Hook useEffect has missing dependencies: 'finishDraft', and 'attempt'
     ,-[src/chat/components/DraftBot.tsx:174:6]
 159 |     void Promise.resolve()
 160 |       .then(() => finishDraft(saved, attempt))
     :                   ^^^^^^^^^^^        ^^^^^^^
 161 |       .catch((error) => {
 162 |         if (mounted.current) {
 163 |           opened.current = false
 164 |           setError(
 165 |             error instanceof Error
 166 |               ? error.message
 167 |               : 'Could not open this conversation.',
 168 |           )
 169 |         }
 170 |       })
 171 |       .finally(() => {
 172 |         if (mounted.current) setBusy(false)
 173 |       })
 174 |   }, [receipt.data, attemptReady, clearSubmitted, onCreated])
     :      ^^^^^^^^^^^^^^^^^^^^^^^^^^^^^^^^^^^^^^^^^^^^^^^^^^^^^^^
 175 |   const frozen = receipt.data ?? attempt?.input
     `----
  help: Either include it or remove the dependency array.

  ! eslint-plugin-react-hooks(exhaustive-deps): React Hook useEffect has a complex expression in the dependency array.
     ,-[src/chat/components/DraftBot.tsx:192:5]
 191 |     frozen?.text,
 192 |     !!frozen,
     :     ^^^^^^^^
 193 |     draftId,
     `----
  help: Extract the expression to a separate variable so it can be statically checked.

  ! eslint-plugin-react-hooks(exhaustive-deps): React Hook useEffect has a missing dependency: 'frozen'
     ,-[src/chat/components/DraftBot.tsx:189:6]
 177 |         onPending?.(
 178 |           frozen && workspaceId
     :           ^^^|^^
     :              `-- useEffect uses `frozen` here
 179 |             ? {
 180 |                 id: draftId,
 181 |                 botId: receipt.data?.botId,
 182 |                 text: frozen.text || 'New conversation',
 183 |                 userId,
 184 |                 workspaceId,
 185 |               }
 186 |             : null,
 187 |         )
 188 |         return () => onPending?.(null)
 189 | ,->   }, [
 190 | |       receipt.data?.botId,
 191 | |       frozen?.text,
 192 | |       !!frozen,
 193 | |       draftId,
 194 | |       userId,
 195 | |       workspaceId,
 196 | |       onPending,
 197 | `->   ])
 198 |       const runModel = useRunModel({
     `----
  help: Either include it or remove the dependency array.

  ! eslint(no-control-regex): Unexpected control characters
    ,-[src/chat/core/skills.ts:30:21]
 29 |     .refine(
 30 |       (value) => !/[\u0000-\u0008\u000B\u000C\u000E-\u001F\u007F]/u.test(value),
    :                     ^^^|^^ ^^^|^^^^^|^^^^^|^^^^^|^^ ^^^|^^
    :                        |      |     |     |     |      `-- 'U+001F' is a control character.
    :                        |      |     |     |     `-- 'U+000E' is a control character.
    :                        |      |     |     `-- 'U+000C' is a control character.
    :                        |      |     `-- 'U+000B' is a control character.
    :                        |      `-- 'U+0008' is a control character.
    :                        `-- 'U+0000' is a control character.
 31 |       'Remove unsupported control characters.',
    `----
  help: Avoid matching control characters in regular expressions. If intentional, consider using a Unicode escape instead.

  ! eslint-plugin-react-hooks(exhaustive-deps): The ref's value `.current` is accessed directly in the effect cleanup function.
     ,-[src/chat/components/useComposerAttachments.ts:472:32]
 471 |       window.removeEventListener('storage', storage)
 472 |       for (const controller of operations.current.values()) controller.abort()
     :                                ^^^^^^^^^^^^^^^^^^
 473 |       operations.current.clear()
     `----
  help: The ref value will likely have changed by the time this effect cleanup function runs. If this ref points to a node rendered by react, copy it to a variable inside the effect and use that variable in the cleanup function.

  ! eslint-plugin-react-hooks(exhaustive-deps): The ref's value `.current` is accessed directly in the effect cleanup function.
     ,-[src/chat/components/useComposerAttachments.ts:473:7]
 472 |       for (const controller of operations.current.values()) controller.abort()
 473 |       operations.current.clear()
     :       ^^^^^^^^^^^^^^^^^^
 474 |       originals.current.clear()
     `----
  help: The ref value will likely have changed by the time this effect cleanup function runs. If this ref points to a node rendered by react, copy it to a variable inside the effect and use that variable in the cleanup function.

  ! eslint-plugin-react-hooks(exhaustive-deps): The ref's value `.current` is accessed directly in the effect cleanup function.
     ,-[src/chat/components/useComposerAttachments.ts:474:7]
 473 |       operations.current.clear()
 474 |       originals.current.clear()
     :       ^^^^^^^^^^^^^^^^^
 475 |       current.current = null
     `----
  help: The ref value will likely have changed by the time this effect cleanup function runs. If this ref points to a node rendered by react, copy it to a variable inside the effect and use that variable in the cleanup function.

  ! eslint-plugin-react-hooks(exhaustive-deps): React Hook useEffect has a missing dependency: 'run'
     ,-[src/chat/components/useComposerAttachments.ts:477:6]
 461 |         if (!existing.some((candidate) => candidate.id === item.id))
 462 |           void run(item.id, 'check')
     :                ^|^
     :                 `-- useEffect uses `run` here
 463 |     }
 464 |     restore()
 465 |     const storage = (event: StorageEvent) => {
 466 |       if (event.key === key || event.key === null) restore()
 467 |     }
 468 |     window.addEventListener('storage', storage)
 469 |     return () => {
 470 |       mounted.current = false
 471 |       window.removeEventListener('storage', storage)
 472 |       for (const controller of operations.current.values()) controller.abort()
 473 |       operations.current.clear()
 474 |       originals.current.clear()
 475 |       current.current = null
 476 |     }
 477 |   }, [key])
     :      ^^^^^
 478 | 
     `----
  help: Either include it or remove the dependency array.

  ! eslint-plugin-react-hooks(exhaustive-deps): React Hook useEffect has a missing dependency: 'setMobile'
     ,-[src/chat/components/App.tsx:343:6]
 337 |       if (!media.matches && window.location.search.includes('navigation='))
 338 |         setMobile(false)
     :         ^^^^|^^^^
     :             `-- useEffect uses `setMobile` here
 339 |     }
 340 |     update()
 341 |     media.addEventListener('change', update)
 342 |     return () => media.removeEventListener('change', update)
 343 |   }, [])
     :      ^^
 344 |   useEffect(() => {
     `----
  help: Either include it or remove the dependency array.

  ! eslint(no-unused-vars): Parameter 'name' is declared but never used. Unused parameters should match /(^_)|(^__+$)|(^e$)|(^error$)/.
     ,-[src/chat/core/assistant-task.ts:106:3]
 105 |   task: AssistantTask,
 106 |   name: string,
     :   ^^|^
     :     `-- 'name' is declared here
 107 |   args: unknown,
     `----
  help: Consider removing this parameter.

  ! eslint(no-unused-vars): Parameter 'args' is declared but never used. Unused parameters should match /(^_)|(^__+$)|(^e$)|(^error$)/.
     ,-[src/chat/core/assistant-task.ts:107:3]
 106 |   name: string,
 107 |   args: unknown,
     :   ^^|^
     :     `-- 'args' is declared here
 108 | ) {
     `----
  help: Consider removing this parameter.

  ! eslint-plugin-react-hooks(exhaustive-deps): The ref's value `.current` is accessed directly in the effect cleanup function.
    ,-[src/chat/components/SavedFiles.tsx:98:32]
 97 |       mounted.current = false
 98 |       for (const controller of controllers.current.values()) controller.abort()
    :                                ^^^^^^^^^^^^^^^^^^^
 99 |     }
    `----
  help: The ref value will likely have changed by the time this effect cleanup function runs. If this ref points to a node rendered by react, copy it to a variable inside the effect and use that variable in the cleanup function.

  ! eslint-plugin-react-hooks(exhaustive-deps): React Hook useEffect has a missing dependency: 'files'
     ,-[src/chat/components/SavedFiles.tsx:117:6]
 107 |     const ready = new Set(
 108 |       files.filter((file) => file.state === 'ready').map((file) => file.id),
     :       ^^|^^
     :         `-- useEffect uses `files` here
 109 |     )
 110 |     if (!ready.size) return
 111 |     setAttempts((previous) => {
 112 |       if (!Object.keys(previous).some((id) => ready.has(id))) return previous
 113 |       return Object.fromEntries(
 114 |         Object.entries(previous).filter(([id]) => !ready.has(id)),
 115 |       )
 116 |     })
 117 |   }, [query.data])
     :      ^^^^^^^^^^^^
 118 | 
     `----
  help: Either include it or remove the dependency array.

  ! eslint(no-control-regex): Unexpected control characters
    ,-[src/chat/core/execution-sessions.ts:83:10]
 82 |       value.startsWith('/project/') &&
 83 |       !/[\u0000-\u001f\u007f\\]/.test(value) &&
    :          ^^^|^^ ^^^|^^
    :             |      `-- 'U+001F' is a control character.
    :             `-- 'U+0000' is a control character.
 84 |       value
    `----
  help: Avoid matching control characters in regular expressions. If intentional, consider using a Unicode escape instead.

  ! eslint(no-control-regex): Unexpected control characters
     ,-[src/chat/core/execution-sessions.ts:120:30]
 119 |           .max(512)
 120 |           .regex(/^\/(?!\/)[^\u0000-\u001f\u007f\\]*$/)
     :                              ^^^|^^ ^^^|^^
     :                                 |      `-- 'U+001F' is a control character.
     :                                 `-- 'U+0000' is a control character.
 121 |           .default('/'),
     `----
  help: Avoid matching control characters in regular expressions. If intentional, consider using a Unicode escape instead.

  ! eslint(no-control-regex): Unexpected control characters
    ,-[src/chat/core/retry-source.ts:45:38]
 44 | const validEvidenceId = (value: unknown): value is string =>
 45 |   typeof value === 'string' && /^[^\s\u0000-\u001f\u007f]{1,128}$/u.test(value)
    :                                      ^^^|^^ ^^^|^^
    :                                         |      `-- 'U+001F' is a control character.
    :                                         `-- 'U+0000' is a control character.
 46 | 
    `----
  help: Avoid matching control characters in regular expressions. If intentional, consider using a Unicode escape instead.

  ! eslint-plugin-react-hooks(exhaustive-deps): React Hook useEffect has a missing dependency: 'nextFocus'
      ,-[src/chat/components/ConnectionSettings.tsx:1376:6]
 1360 |   useEffect(() => {
 1361 |     if (!nextFocus) return
      :          ^^^^|^^^^
      :              `-- useEffect uses `nextFocus` here
 1362 |     const target = {
 1363 |       back: backAction,
 1364 |       check: checkAction,
 1365 |       use: useAction,
 1366 |       return: returnAction,
 1367 |     }[nextFocus.target].current
 1368 |     if (
 1369 |       !target ||
 1370 |       target.disabled ||
 1371 |       target.getAttribute('aria-disabled') === 'true'
 1372 |     )
 1373 |       return
 1374 |     target.focus()
 1375 |     focusedStage.current = nextFocus.stage
 1376 |   }, [nextFocus?.stage, nextFocus?.target])
      :      ^^^^^^^^^^^^^^^^^^^^^^^^^^^^^^^^^^^^^
 1377 |   useEffect(() => {
      `----
  help: Either include it or remove the dependency array.

  ! eslint-plugin-react-hooks(exhaustive-deps): React Hook useEffect has a missing dependency: 'onChanged'
      ,-[src/chat/components/ConnectionSettings.tsx:1384:6]
 1379 |       completed.current = true
 1380 |       void onChanged().catch((cause) => {
      :            ^^^^|^^^^
      :                `-- useEffect uses `onChanged` here
 1381 |         if (mounted.current) setError(connectionError(cause))
 1382 |       })
 1383 |     }
 1384 |   }, [setup?.status])
      :      ^^^^^^^^^^^^^^^
 1385 |   async function start() {
      `----
  help: Either include it or remove the dependency array.

  ! eslint(no-unused-vars): Identifier 'markConversationRead' is imported but never used.
     ,-[src/chat/server/conversation.ts:217:10]
 216 | } from './conversation-copies'
 217 | import { markConversationRead } from './bot-activity'
     :          ^^^^^^^^^^|^^^^^^^^^
     :                    `-- 'markConversationRead' is imported here
 218 | import {
     `----
  help: Consider removing this import.

  ! eslint(no-unused-vars): Identifier 'policySchema' is imported but never used.
     ,-[src/chat/server/conversation.ts:270:10]
 269 | } from './model-attachments'
 270 | import { policySchema } from '../core/types'
     :          ^^^^^^|^^^^^
     :                `-- 'policySchema' is imported here
 271 | import {
     `----
  help: Consider removing this import.

  ! eslint(no-unused-vars): Identifier 'refreshKodyReferences' is imported but never used.
     ,-[src/chat/server/conversation.ts:376:3]
 375 |   listKodyReferences,
 376 |   refreshKodyReferences,
     :   ^^^^^^^^^^|^^^^^^^^^^
     :             `-- 'refreshKodyReferences' is imported here
 377 |   suggestKodyReferences,
     `----
  help: Consider removing this import.

  ! eslint(no-unused-vars): Type 'StreamChunk' is imported but never used.
     ,-[src/chat/server/conversation.ts:389:8]
 388 |   type ToolCallPart,
 389 |   type StreamChunk,
     :        ^^^^^|^^^^^
     :             `-- 'StreamChunk' is imported here
 390 | } from '@tanstack/ai'
     `----
  help: Consider removing this import.

  ! eslint(no-unused-vars): Variable 'debugDetails' is declared but never used. Unused variables should match /(^_)|(^__+$)|(^e$)|(^error$)/.
     ,-[src/chat/components/ConversationSession.tsx:254:10]
 253 |   // The transport and recovery owner must not change underneath an active run.
 254 |   const [debugDetails] = useDebugDetails()
     :          ^^^^^^|^^^^^
     :                `-- 'debugDetails' is declared here
 255 |   const [destination] = useState(resolvedDestination)
     `----
  help: Consider removing this declaration.

  ! eslint-plugin-react-hooks(exhaustive-deps): React Hook useMemo has a missing dependency: 'destination'
     ,-[src/chat/components/ConversationSession.tsx:511:6]
 490 |             reference.kind === 'file' &&
 491 |             sameConversationResource(reference, destination)
     :                                                 ^^^^^|^^^^^
     :                                                      `-- useMemo uses `destination` here
 492 |               ? [reference.fileId]
 493 |               : [],
 494 |           ),
 495 |         )
 496 |         await api(`${path}/send`, {
 497 |           text,
 498 |           messageId: message.id,
 499 |           fileIds: readMessageAttachments(message)
 500 |             .filter(
 501 |               (file) =>
 502 |                 sameConversationResource(file, destination) &&
 503 |                 !referencedFileIds.has(file.id),
 504 |             )
 505 |             .map((file) => file.id),
 506 |           references: messageReferences.map(referenceInput),
 507 |           ...data,
 508 |         })
 509 |       },
 510 |     }
 511 |   }, [path, initialHistory.streamOffset, api, apiUrl])
     :      ^^^^^^^^^^^^^^^^^^^^^^^^^^^^^^^^^^^^^^^^^^^^^^^^
 512 |   const projectQueryClient = useQueryClient()
     `----
  help: Either include it or remove the dependency array.

  ! eslint-plugin-react-hooks(exhaustive-deps): The ref's value `.current` is accessed directly in the effect cleanup function.
     ,-[src/chat/components/ConversationSession.tsx:553:13]
 552 |       queueMicrotask(() => {
 553 |         if (emptyThreadVisit.current !== visit || !emptyThreadState.current)
     :             ^^^^^^^^^^^^^^^^^^^^^^^^
 554 |           return
     `----
  help: The ref value will likely have changed by the time this effect cleanup function runs. If this ref points to a node rendered by react, copy it to a variable inside the effect and use that variable in the cleanup function.

  ! eslint-plugin-react-hooks(exhaustive-deps): React Hook useEffect has missing dependencies: 'thread', and 'threads'
     ,-[src/chat/components/ConversationSession.tsx:572:6]
 547 |   useEffect(() => {
 548 |     if (!visible || !thread) return
     :                      ^^^^^^
 549 |     const visit = ++emptyThreadVisit.current
 550 |     return () => {
 551 |       // Defer past React's effect replay, but use the latest draft and send state.
 552 |       queueMicrotask(() => {
 553 |         if (emptyThreadVisit.current !== visit || !emptyThreadState.current)
 554 |           return
 555 |         try {
 556 |           if (
 557 |             localStorage.getItem(
 558 |               `gum.draft:${destination.compatibility.draftScope}`,
 559 |             )
 560 |           )
 561 |             return
 562 |         } catch {
 563 |           return
 564 |         }
 565 |         void api(`${destination.apiPath}/thread`, undefined, 'DELETE')
 566 |           .then(() => threads.refetch())
     :                       ^^^^^^^
 567 |           .catch(() => {
 568 |             /* A failed cleanup keeps the thread available. */
 569 |           })
 570 |       })
 571 |     }
 572 |   }, [visible, destination, thread?.conversationId, api])
     :      ^^^^^^^^^^^^^^^^^^^^^^^^^^^^^^^^^^^^^^^^^^^^^^^^^^^
 573 | 
     `----
  help: Either include it or remove the dependency array.

  ! eslint-plugin-react-hooks(exhaustive-deps): React Hook useEffect has a missing dependency: 'savedFiles'
     ,-[src/chat/components/ConversationSession.tsx:628:6]
 624 |       // service as the UI. Refresh after settling without disturbing queued writes.
 625 |       void Promise.allSettled([savedFiles.refetch(), refresh()])
     :                                ^^^^^|^^^^
     :                                     `-- useEffect uses `savedFiles` here
 626 |     }
 627 |     wasRunning.current = busy
 628 |   }, [busy, savedFiles.refetch, refresh])
     :      ^^^^^^^^^^^^^^^^^^^^^^^^^^^^^^^^^^^
 629 |   const waiting =
     `----
  help: Either include it or remove the dependency array.

  ! eslint-plugin-react-hooks(exhaustive-deps): React Hook useEffect has a missing dependency: 'pendingSend'
     ,-[src/chat/components/ConversationSession.tsx:660:6]
 658 |       )
 659 |         pendingSend.forgetSubmitted(envelope.payload.messageId)
     :         ^^^^^|^^^^^
     :              `-- useEffect uses `pendingSend` here
 660 |   }, [pendingSend.submitted, pendingMessages])
     :      ^^^^^^^^^^^^^^^^^^^^^^^^^^^^^^^^^^^^^^^^
 661 |   const turns = useMemo(() => groupConversation(h.messages), [h.messages])
     `----
  help: Either include it or remove the dependency array.

Found 101 warnings and 0 errors.
Finished in 14.9s on 2113 files with 20 rules using 20 threads.
$ tsx --test "tests/**/*.test.ts"
✔ bare URLs in prose become links (2.876931ms)
✔ balanced parentheses stay part of the URL (0.543099ms)
✔ a wrapping parenthesis is not part of the URL (0.316805ms)
✔ non-text inline nodes are left alone (0.374053ms)
✔ active partner records include the audit contract (6.483858ms)
✔ partner records have stable ids and explicit lifecycle data (1.275366ms)
✔ active partner reviews stay fresh (0.70147ms)
✔ internal partner resources point at matching TanStack content (2.410874ms)
✔ partner sitemap exposes both directory states and every detail page (1.916489ms)
✔ custom Railway page derives its partner contract from central data (0.701526ms)
✔ starter recipes do not silently select former partners (14.731368ms)
✔ starter recipes do not silently select unsafe monitoring defaults (2.43295ms)
✔ generic auth and monitoring requests do not infer vendor partners (6.814847ms)
✔ selected auth partners survive generic auth language (2.624361ms)
✔ starter presets do not silently select former partners (0.362075ms)
✔ Prisma and Drizzle no longer pull in Neon (2.142123ms)
✔ database constraints survive starter defaults and inference (4.496281ms)
✔ an explicitly selected Prisma integration survives realtime inference (1.008686ms)
✔ former partner integrations remain available when explicitly requested (1.165836ms)
✔ OpenRouter guidance prefers the TanStack AI adapter (0.76056ms)
✔ selected Vercel partner uses the Vercel deployment target (0.773059ms)
✔ selected Render partner uses the Render deployment target (0.599486ms)
✔ hosting names infer their matching partner and deployment target (1.198681ms)
✔ ordinary rendering language does not select Render hosting (1.140866ms)
✔ Render uses per-placement UTM content for approved surfaces (2.970631ms)
✔ other partners use their default href regardless of placement (0.435085ms)
✔ Cloudflare, Vercel, and Render rotate with the gold Start hosting partners (2.5743ms)
✔ prompt handoffs use build labels (1.44193ms)
✔ v0 handoff preserves the generated prompt (0.697645ms)
✔ Netlify handoff preserves the generated prompt (0.686095ms)
✔ Lovable handoff preserves the generated prompt (0.553601ms)
✔ application starter preserves optional fields and custom feature options (3.689958ms)
✔ application starter rejects invalid known fields instead of coercing them (2.315778ms)
blog-hero-image tests passed
✔ tests/blog-hero-image.test.ts (746.203389ms)
✔ published posts emit article metadata and connected BlogPosting JSON-LD (4.53212ms)
✔ multiple authors are normalized and retain verified maintainer URLs (0.927281ms)
✔ unknown authors get names without unverified profile URLs (0.638691ms)
✔ posts without header images omit image metadata instead of inventing one (0.691448ms)
✔ social images reuse the route image transformation and stay absolute (0.791694ms)
✔ drafts, future posts, and failed loads do not emit BlogPosting JSON-LD (0.941373ms)
✔ known modification dates reach frontmatter, JSON-LD, and article metadata (1.499539ms)
✔ builder activity excludes raw file contents from persisted data (6.418014ms)
✔ builder activity summarizes a successful automatic repair (5.503006ms)
✔ builder activity strictly parses sanitized persisted traces (5.971377ms)
✔ durable activity compaction removes verbose detail without changing local activity (14.985539ms)
✔ durable activity compaction deterministically retains recent actions and an honest summary (97.378948ms)
✔ builder activity keeps only capped reasoning summaries (4.546766ms)
✔ builder activity stops unfinished items with the run (0.428078ms)
✔ builder activity labels checkpoint rollback outcomes (0.648228ms)
✔ builder activity summarizes package evidence without persisting source (5.226776ms)
✔ builder activity settles unfinished items when a run completes (0.723979ms)
✔ builder BYOK parses canonical AG-UI input and preserves tool history (7.839065ms)
✔ builder BYOK selects only the requested provider header (53.208107ms)
✔ builder BYOK ignores server keys and returns the official missing-key response (25.94367ms)
✔ builder accepts OpenRouter requests without putting credentials in the body (0.985608ms)
✔ builder BYOK rejects API keys in the request body (1.578233ms)
✔ builder BYOK rejects extra forwarded properties and untrusted client tools (1.611298ms)
✔ builder BYOK strictly accepts a validation-tool resume (5.11716ms)
✔ builder BYOK rejects uncorrelated and malformed validation resumes (5.061813ms)
✔ builder BYOK strictly preserves typed repair progress (1.517755ms)
✔ builder BYOK preserves AG-UI events and emits execution only before the final finish (3.703318ms)
✔ builder BYOK redacts keys from streamed and thrown errors (1.974136ms)
✔ builder BYOK turns an incomplete provider stream into a terminal error (0.400891ms)
✔ hydrates legacy keys into official memory storage without a passkey prompt (4.790508ms)
✔ moves a legacy key only after secure storage succeeds (1.706163ms)
✔ moves old notebook keys and prefers a newer builder key (1.226577ms)
✔ preserves the legacy key when secure storage fails (1.732788ms)
✔ isolates legacy and current keys by credential scope (1.538996ms)
✔ keeps fallback memory keys across browser remounts and scopes readiness (2.831428ms)
✔ parses a ChatGPT connection and model catalog (2.560527ms)
✔ parses only the official OpenAI device login URL (1.069306ms)
✔ rejects malformed ChatGPT connection responses (0.374459ms)
✔ builder AI checkpoints deduplicate, roll back, and stay LRU bounded (120.110826ms)
✔ validates a healthy observed preview (3.487524ms)
✔ requires repair for structured compile and runtime failures (0.572566ms)
✔ stops on non-repair failures and runtime mismatches (0.719641ms)
✔ fails closed without a browser observation or with console errors (0.712552ms)
✔ preserves a concurrently edited execution instead of rolling it back (0.337365ms)
✔ uses exact execution equality instead of repair fingerprints (1.416931ms)
✔ restores a checkpoint only while the exact staged execution is current (0.741165ms)
✔ formats bounded runtime evidence without workspace source (0.630993ms)
✔ builder eval matrix has unique declarative cases (2.738403ms)
✔ workspace grader recognizes subpath imports without library branches (4.642251ms)
✔ workspace grader rejects a missing required API and forbidden fallback (0.614928ms)
✔ workspace grader requires executable calls instead of identifier text (13.18645ms)
✔ workspace grader validates runtime and manifest dependencies generically (0.641363ms)
✔ builder AI execution detects runtime and WebContainer file changes (1.90153ms)
✔ builder AI hidden files follow the validated workspace (1.529522ms)
✔ local Codex validates and repairs inside one open turn (90.916156ms)
✔ builder model catalog only exposes models supported by each adapter (2.530196ms)
✔ builder model defaults belong to their provider catalog (0.585746ms)
✔ builder model catalog rejects unlisted adapter models (0.28139ms)
✔ resolves exact built-in and installed package versions (5.519827ms)
✔ inspects exact module exports and declarations (78.225982ms)
✔ matches the exports shipped by the pinned Charts package (20.36203ms)
✔ searches bounded docs, declarations, and trusted TanStack skills (3.69467ms)
✔ reads package resources in chunks and trusts only TanStack skills (3.135914ms)
✔ reuses one package download across chunked reads (1.40888ms)
✔ coalesces concurrent reads of one package resource (2.899513ms)
✔ budgets unique package downloads by UTF-8 bytes (1.791352ms)
✔ retries transient package fetches without bypassing the resource budget (2.949257ms)
✔ rejects oversized package responses before reading them (3.194491ms)
✔ checks package redirects without using the unsupported edge redirect mode (0.851642ms)
(node:3695585) Warning: `--localstorage-file` was provided without a valid path
(Use `node --trace-warnings ...` to show where the warning was created)
✔ an acknowledged pending prompt enters the model transcript once (3.10658ms)
✔ builder AI persistence is scoped, UTF-8 measured, and LRU bounded (35.705154ms)
✔ requires evidence with a new result before a repair mutation (5.220747ms)
✔ rejects an exact mutation that already failed (3.297172ms)
✔ ordinary turns record evidence and mutations without gating (1.776642ms)
✔ strictly parses bounded repair contexts and attempt traces (0.953454ms)
✔ fingerprints are stable across object key order and change with evidence (0.534767ms)
✔ tracks new evidence, blocks failed mutations, and detects state cycles (1.01835ms)
✔ builder AI prompt queue claims one active runner synchronously (1.778518ms)
✔ builder AI prompt queue prioritizes steering without reordering modes (4.497272ms)
✔ builder AI prompt queue creates prompt metadata (0.645805ms)
✔ builder AI prompt queue snapshots and cancels pending prompts (0.436225ms)
✔ builder AI prompt queue clears pending prompts without releasing its runner (0.504251ms)
✔ builder AI prompt queue reports prompts discarded before they start (0.613237ms)
✔ Builder distinguishes successful completion, tool continuation, and incomplete responses (1.563379ms)
✔ the server never creates a successful project result for an incomplete model response (0.901781ms)
✔ a provider error cannot be followed by a successful Builder result (0.292225ms)
✔ builder stream accepts execution immediately followed by the final run event (80.952357ms)
✔ builder stream sends BYOK headers outside the body without validation (11.150087ms)
✔ builder stream rejects execution without a final run event (4.926267ms)
✔ builder stream does not accept a token-limited response as success (8.308477ms)
✔ missing validation state fails without running a tool or an unhandled rejection (48.059076ms)
✔ builder stream rejects events between execution and the final run event (4.074353ms)
✔ builder stream ignores intermediate tool-loop finishes without execution (2.669049ms)
✔ builder stream rejects execution attached to an intermediate tool finish (2.03134ms)
✔ builder stream completes tool activity from result events after input ends (5.564949ms)
✔ builder stream validates and repairs more than twice inside one client-tool flow (202.423051ms)
✔ a lost continuation does not rerun successful browser validation (33.644989ms)
✔ cancelling during validation never submits a continuation (23.953509ms)
✔ builder stream rejects a changed execution that was not validated (9.092625ms)
✔ builder stream stops after a terminal validation result (52.075029ms)
✔ expires after a full idle period (2.128626ms)
✔ activity renews the idle period (0.623325ms)
✔ completed turns clear the idle timeout (1.083845ms)
✔ reads activity from notifications and server tool requests (0.317998ms)
✔ validation broker resolves one correlated result and rejects a duplicate (29.142943ms)
✔ validation broker rejects unknown and invalid results (1.808118ms)
✔ validation broker removes an aborted request (13.705828ms)
✔ validation broker removes a timed out request (25.028778ms)
✔ validation broker forwards typed repair context (9.481539ms)
✔ builder AI lists and reads only visible text files (17.537749ms)
✔ builder AI replaces an existing file without mutating the input (0.638652ms)
✔ builder AI only reserves root manifests after creating its scaffold (2.007691ms)
✔ builder AI reports added and removed files as changes (0.656845ms)
✔ builder AI upgrades a client workspace without changing authored files (2.211893ms)
✔ builder AI installs and updates package dependencies immutably (2.854436ms)
✔ builder AI merges authored documents and package manifests (1.213408ms)
✔ builder AI supports every browser environment profile (1.768157ms)
✔ builder AI rejects WebContainer scaffold and root descendants (1.648417ms)
✔ builder AI validates runtime upgrades and package manifests (2.012919ms)
✔ builder AI collects text and rejects streamed provider errors (0.860662ms)
✔ builder auto-run policy handles desktop Chrome (1.832379ms)
✔ builder auto-run policy handles touch Windows (0.490888ms)
✔ builder auto-run policy handles desktop Safari (0.213455ms)
✔ builder auto-run policy handles Android (0.318073ms)
✔ builder auto-run policy handles iPhone (0.377407ms)
✔ builder auto-run policy handles iPad (0.171975ms)
✔ builder auto-run policy handles iPod (0.345758ms)
✔ builder auto-run policy handles iPadOS desktop mode (0.185822ms)
✔ uses TanStack category colors in the starter sandbox (2.384736ms)
✔ exposes unified Charts subpaths without duplicate framework runtimes (1.054383ms)
✔ provides hidden entry modules for every example environment (0.908102ms)
✔ exposes current Highlight and Markdown modules (0.436878ms)
✔ OpenRouter callback accepts only the current attempt and a bounded code (1.651894ms)
✔ OpenRouter callback removes credentials from history and loads no app or external resources (120.079314ms)
✔ OpenRouter login exchanges a tab callback with S256 and never persists the verifier (14.834955ms)
✔ OpenRouter credentials use the existing scoped BYOK storage and header (1.599633ms)
✔ OpenRouter runs server tools through the Builder stream without a partial execution result (37.571108ms)
✔ Builder bootstrap commits only a snapshot paired with the settled synced revision (2.800578ms)
✔ Builder bootstrap re-reconciles when a local edit lands during hydration (0.681574ms)
✔ live revision hydration retains an edit made while its snapshot loads (0.5123ms)
✔ live revision hydration retains the workspace when an AI transaction starts (0.421081ms)
✔ builder client helpers parse lists and send fork lineage (78.646994ms)
✔ builder client helpers surface API errors (2.944516ms)
✔ round-trips a complete builder draft through storage (20.210506ms)
✔ gives legacy drafts a stable assistant scope when loading (1.306243ms)
▶ clears corrupt and invalid builder drafts
  ✔ corrupt JSON (0.606482ms)
  ✔ unsupported version (0.208165ms)
  ✔ invalid draft id (3.422773ms)
  ✔ invalid project (0.432175ms)
  ✔ invalid timestamp (0.458904ms)
✔ clears corrupt and invalid builder drafts (7.561212ms)
✔ contains storage access failures (1.841098ms)
✔ constructs blank and example builder projects (1.464435ms)
✔ parses a strict durable Builder project event (4.65904ms)
✔ requires an entity reference for typed entity events (0.649739ms)
✔ rejects non-JSON and oversized event payloads (4.67319ms)
✔ project deletion produces a terminal cancelled run state (0.504231ms)
✔ the authoritative queue claims steer runs before older queued runs (40.50382ms)
✔ project creation replays require the original ID and payload (3.610228ms)
✔ mutation receipts bind a replay to its canonical command payload (48.486734ms)
✔ the initial tracked migration contains only Builder schema additions (18.966292ms)
✔ a submitted Builder prompt survives reload until its start is acknowledged (14.261005ms)
✔ an active prompt and queued prompts survive reload in order (6.675584ms)
✔ pending prompt capacity rejects entry 101 without damaging the queue (126.107116ms)
✔ a recovered pre-run prompt reuses its durable identity and clears exactly once (1.771477ms)
✔ does not mutate database quarantine state when the R2 tombstone fails (7.801943ms)
✔ purges cache and advances database quarantine after a partial R2 delete failure (5.369316ms)
✔ keeps a snapshot unavailable and retryable when database quarantine fails (2.970562ms)
✔ accepts exact Builder project quotas and rejects the next entity (2.811689ms)
✔ reserves bounded headroom for terminal lifecycle writes (0.528169ms)
✔ accepts the exact owner snapshot budget without resetting it (0.395025ms)
✔ referenced snapshot reservations are filtered before the GC batch limit (18.457292ms)
✔ referenced snapshots are filtered before the GC batch limit (6.816539ms)
✔ legacy-referenced snapshots are deferred behind the next GC batch (10.385261ms)
✔ project-owned Builder records cascade with their referenced component (2.657331ms)
✔ a fork source remains independently owned (1.559327ms)
✔ project ID reservations survive owner deletion (0.431132ms)
✔ owner deletion cannot bypass project tombstoning (0.398491ms)
✔ mutation receipts are unique per project and follow project retention (1.854692ms)
✔ independently owned snapshots cannot be deleted while referenced (0.842023ms)
✔ a message run must belong to the same project and thread (0.818683ms)
✔ stores one canonical gzip object for equivalent projects (154.626675ms)
✔ only-if-absent writes never replace an immutable object (2.599232ms)
✔ quarantine deletes and permanently blocks a project hash (12.647537ms)
✔ reads legacy Notebook records and snapshots from their original keys (4.389952ms)
✔ detects legacy snapshot references with a bounded index lookup (0.9525ms)
✔ fails closed when the legacy snapshot reference lookup fails (1.012872ms)
✔ accepts a large text dataset within the total snapshot budget (9.745611ms)
✔ rejects projects over the total snapshot budget (9.057532ms)
✔ rejects projects over the per-file byte limit (2.956319ms)
✔ applies the per-file byte limit to decoded binary files (621.567252ms)
✔ creates, lists, updates, and deletes stable builder projects (7.685242ms)
✔ rejects a stale builder project update (7.378737ms)
✔ allows only one simultaneous conditional builder update (5.083551ms)
✔ does not resurrect a builder updated while it is deleted (2.008004ms)
✔ quarantines projects by every historical project association (4.250595ms)
✔ removes a project quarantined during its final update write (3.193555ms)
✔ keeps builder project mutations owner-only (3.459433ms)
✔ preserves builder fork lineage (1.909082ms)
✔ caps builder projects per owner (118.34602ms)
✔ rejects an over-cap legacy owner set instead of importing it partially (28.613677ms)
✔ imports a complete legacy owner set source before fork (2.568045ms)
✔ rejects a legacy fork cycle before marking an owner import complete (0.770523ms)
✔ Builder project events update entity rows and advance the project cursor (20.326786ms)
✔ Builder project browser sessions remain stable in session storage (0.77079ms)
✔ the default browser session generator preserves the Crypto receiver (1.821442ms)
✔ saved project sync starts with the browser-native session generator (92.198497ms)
✔ durable project revisions enter the outbox before upload (57.16339ms)
✔ a thread and its first run enter the ordered outbox before either is sent (38.260177ms)
✔ offline enqueue remains accepted and replays the same run once after reconnect (32.487ms)
✔ retryable enqueue failures replay with backoff without reconnecting (21.404698ms)
✔ Builder bootstrap assembles bounded pages before replaying concurrent events (20.6219ms)
✔ a terminal Builder EventSource recovers from an authoritative snapshot (16.075481ms)
✔ Builder stream recovery backs off repeated snapshot failures (19.450471ms)
✔ Builder project sync commands are optimistic, durable, and confirmed by replay (23.826488ms)
✔ Builder project sync rejects stale finishes without retaining a blocking outbox entry (27.432271ms)
✔ revision conflicts wait for the durable fallback before they surface (24.869399ms)
✔ Builder heartbeats and run claims bypass the durable outbox (31.522885ms)
✔ a duplicated tab rotates its claimed session before any recovery (14.037231ms)
✔ Builder project sync outbox is explicitly unavailable during SSR (2.924901ms)
✔ Builder project sync outbox is scoped, ordered, idempotent, and bounded (150.246644ms)
✔ Builder project sync replay removes only authoritative acknowledgements (4.342406ms)
✔ Builder project sync replay discards terminal rejections and continues in order (12.771818ms)
✔ Builder project revision conflicts stay queued and block later commands (1.349005ms)
✔ Builder project sync send persists before invoking the network sender (0.593772ms)
✔ parses canonical durable project revisions (10.372501ms)
✔ rejects unsendable project revisions before they enter the outbox (3.298963ms)
✔ strictly parses Builder project sync commands (12.730997ms)
✔ rejects invalid terminal runs and transcript references (5.704154ms)
✔ rejects a transcript message linked to a run in another thread (3.940314ms)
✔ rejects transcript imports above the conservative request budget (17.954465ms)
✔ bounds event payload bytes and validates terminal activity (87.965557ms)
✔ accepts completed no-change runs without a revision (3.101304ms)
✔ parses an explicit terminal command rejection without treating it as a commit (3.576459ms)
✔ parses a revision conflict fallback sequence (0.91515ms)
✔ parses an authoritative project and conversation snapshot (4.291113ms)
✔ round-trips opaque snapshot continuations and bounds every page (39.034771ms)
✔ parses replay cursors and recognizes stream requests (41.654421ms)
✔ serializes replayable events with the sequence as the SSE id (0.32714ms)
✔ streams gap-free events, heartbeats, and then reconnects (6.211987ms)
✔ stops a replay before emitting an event across a sequence gap (1.140973ms)
✔ bounds events buffered by one stream response (1.729663ms)
✔ draft promotion IDs are stable, distinct UUIDs (3.983177ms)
✔ draft transcript stays local and queued until the server acknowledges it (51.648267ms)
✔ large transcripts queue stable bounded chunks before sending and clear after every acknowledgement (792.384284ms)
✔ legacy terminal activity is compacted before transcript import (30.900722ms)
✔ forking a synced transcript makes a stable bounded copy with destination IDs (5.465757ms)
✔ a failed fork import keeps its exact commands queued and its local source intact (5.913089ms)
✔ a concurrent local append prevents cleanup and gets a new content-derived import ID (6.950214ms)
✔ Builder project working copies survive a reload and hydrate only on their base revision (8.534614ms)
✔ an authoritative target revision acknowledges and clears its working copy idempotently (3.162526ms)
✔ revision conflicts preserve the recoverable working copy (3.215075ms)
✔ two tabs retain independent working copies across a crash (5.705373ms)
✔ reconciliation clears only acknowledged copies and retains stale conflicts (1.35379ms)
✔ reconciliation prefers a valid head candidate over a newer stale candidate (5.507073ms)
✔ legacy project-keyed working copies migrate without being dropped (0.56104ms)
✔ parses builder projects and API response envelopes (4.122608ms)
✔ strictly rejects malformed builder projects and responses (0.818485ms)
✔ starts with one active preview pane (3.745942ms)
✔ adds tabs to the focused pane with unique ids and ordinal labels (0.885482ms)
✔ splits a tab above or below and focuses the new pane (1.233263ms)
✔ moves tabs between panes and collapses an empty source pane (1.397979ms)
✔ closing chooses a neighbor and removes an empty pane (4.299305ms)
✔ resizes two panes within stable bounds (2.090481ms)
✔ updates and repairs editor tabs in either pane (1.433365ms)
✔ finds wrapping keyboard targets within the tab pane (0.482228ms)
✔ npm comparison route preserves binType search validation (2.810781ms)
✔ npm comparison route defaults invalid binType search values (0.695353ms)
▶ Charts catalog example workspaces
  ✔ preserves Git source files and generates a runnable workspace (16.884702ms)
  ✔ runs the legacy adapter entry during a schema v1 rollout (0.653942ms)
  ✔ pins framework, dependency, atlas, and dataset imports (0.532827ms)
  ✔ configures embed height and render revision without compiled assets (0.546806ms)
  ✔ rejects missing, mismatched, duplicate, or unsafe source paths (0.696834ms)
✔ Charts catalog example workspaces (21.106084ms)
✔ only current embed documents bypass the global frame denial (1.798286ms)
✔ catalog embed source validation is same-origin and parameter bounded (2.762828ms)
✔ embed path validation uses the producer case-id grammar (0.271533ms)
✔ chart docs can promote trusted raw iframes to source-aware embeds (2.08443ms)
✔ chart example comments validate their source reference (0.489595ms)
✔ chart example comments retain a useful static document (41.210541ms)
✔ legacy chart iframe markup renders through the inline fallback (3.478536ms)
✔ catalog index retains only the site-owned contract (4.340346ms)
✔ catalog index accepts the legacy adapter contract during rollout (1.271947ms)
✔ catalog index rejects broken case and ordering relationships (1.783118ms)
✔ catalog index publication resolves main and fetches the index at its exact SHA (42.109636ms)
✔ raw GitHub content remains byte-for-byte text-equivalent (74.295526ms)
✔ raw GitHub content rejects unsafe inputs before fetching (1.563604ms)
✔ sitemap exposes catalog pages but not runtime resources (5.475391ms)
✔ Charts main pushes invalidate the catalog index pipeline (0.515931ms)
✔ catalog index responses use the Charts main cache contract (0.245952ms)
✔ catalog previews map case IDs to immutable source assets (3.247872ms)
✔ catalog preview requests reject revision main (0.481263ms)
✔ catalog preview requests reject revision current (0.163088ms)
✔ catalog preview requests reject revision AAAAAAAAAAAAAAAAAAAAAAAAAAAAAAAAAAAAAAAA (0.327384ms)
✔ catalog preview requests reject revision aaaaaaaaaaaaaaaaaaaaaaaaaaaaaaaaaaaaaaa (0.174568ms)
✔ catalog preview requests reject revision aaaaaaaaaaaaaaaaaaaaaaaaaaaaaaaaaaaaaaaaa (0.421798ms)
✔ catalog preview requests reject case ID ../01-line-gaps (0.443208ms)
✔ catalog preview requests reject case ID 01-line-gaps.svg (0.176735ms)
✔ catalog preview requests reject case ID 01_line_gaps (0.703658ms)
✔ catalog preview requests reject case ID 01-LINE-GAPS (0.69275ms)
✔ catalog preview requests reject case ID 01%2fline-gaps (0.173388ms)
✔ catalog preview requests reject case ID 01\line-gaps (1.288686ms)
✔ catalog preview responses are immutable, sandboxed SVGs (1.754544ms)
✔ catalog preview route reads the source asset at the exact revision (218.384738ms)
✔ catalog preview route rejects unsafe params without fetching source (3.692945ms)
✔ current preview alias redirects to the revision-pinned asset (21.663155ms)
✔ catalog previews render the source asset without site geometry or palette (21.468189ms)
✔ landing and catalog cards use the landing publication revision (38.655008ms)
✔ catalog example follows Git source without a catalog package or build output (75.025144ms)
✔ catalog example follows a legacy adapter closure during rollout (7.160975ms)
✔ catalog example rejects an unresolved relative source import (3.964329ms)
✔ catalog example includes @tanstack/charts-data/ data and its source dependencies (9.150238ms)
✔ catalog example includes @charts-poc/demo-data/ data and its source dependencies (3.754597ms)
✔ catalog example rejects an escaping example relative import before fetching it (3.137025ms)
✔ catalog example rejects an escaping data relative import before fetching it (2.466581ms)
✔ catalog example rejects an escaping data alias traversal before fetching it (2.241075ms)
✔ catalog example rejects an escaping legacy data alias traversal before fetching it (2.192494ms)
✔ the landing server-renders revision-pinned chart preview assets (92.619172ms)
✔ Charts launch video has a card poster and is published (4.274288ms)
✔ Charts launch uses the approved V8 video unchanged (14.113959ms)
charts sidebar navigation tests passed
✔ tests/charts-sidebar-navigation.test.ts (447.147127ms)
✔ client example comments parse into the markdown comment component (16.480664ms)
✔ client example comments reject unsafe or extra attributes (0.403248ms)
✔ TSRX files use TypeScript JSX highlighting (1.51285ms)
✔ inline diff notation renders as line decorations (6.936859ms)
✔ wrapped code lines occupy one visual row each (0.610164ms)
create worker tests passed
✔ tests/create-worker.test.ts (668.859579ms)
✔ Render deployment opens the TanStack partner landing page (1.408354ms)
✔ docs with an AI client-example get WebContainer isolation headers (2.867129ms)
✔ docs without a client-example get no isolation headers (0.886565ms)
✔ docs with a bad client-example comment get no isolation headers (0.287691ms)
docs manifest concurrency tests passed
buildDocsManifest per-file fault tolerance tests passed
✔ mapWithConcurrency preserves result order regardless of completion order (33.408181ms)
✔ mapWithConcurrency bounds concurrency instead of running everything in parallel (35.500378ms)
✔ mapWithConcurrency runs in a bounded number of batches, not one call per item (68.148202ms)
✔ collectRedirectEntriesForFile returns no entries (not a rejection) when the file fetch throws a recoverable GitHub error (2.859381ms)
✔ collectRedirectEntriesForFile rethrows non-recoverable errors instead of silently swallowing them (2.218075ms)
✔ a mix of one failing file and several succeeding files still produces every succeeding redirect (18.596512ms)
docs redirect tests passed
✔ tests/docs-redirects.test.ts (1212.922766ms)
﹣ missing Start documents return 404 without redirecting to the framework index (4.55709ms) # Set TANSTACK_DOCS_SMOKE_BASE_URL to run docs route smoke tests
﹣ docs legacy and canonical routes complete for every public library (0.320308ms) # Set TANSTACK_DOCS_SMOKE_BASE_URL to run docs route smoke tests
✔ descriptions preserve linked prose without headings, images, or callout markers (27.938086ms)
✔ descriptions preserve reference links, inline identifiers, and line breaks (3.128243ms)
✔ authored descriptions take precedence over generated excerpts (2.308597ms)
✔ entity decoding preserves code type parameters and literal entity examples (2.026275ms)
✔ generated descriptions end on a word boundary (5.746674ms)
✔ resolves imported development dependencies without exposing unused ones (2.923379ms)
✔ prefers dependency versions when a package is listed in both sections (0.572294ms)
✔ resolves undeclared imported packages to an exact latest version (50.333086ms)
✔ uses package ranges while mapping only observed root and subpath imports (4.475616ms)
✔ externalizes peer packages discovered from exact subpath metadata (6.178482ms)
✔ externalizes package manifest peers omitted from esm.sh metadata (6.942863ms)
✔ rejects incomplete explicit package version families (1.961438ms)
✔ requires explicit peer mappings to cover root and subpaths (2.352008ms)
✔ externalizes complete explicit peers that source code does not import (2.586997ms)
✔ resolves declared peers that source code does not import (3.763503ms)
✔ does not resolve type-only devtools peers as browser modules (3.896286ms)
✔ stops before resolving packages when already aborted (0.714425ms)
✔ aborts an in-flight package metadata request (1.8079ms)
✔ preserves special and explicit mappings without resolving them (1.181082ms)
✔ ignores direct URLs and rejects unsafe package subpaths (0.858364ms)
✔ offers both external editors alongside the supported playground (2.395656ms)
✔ preserves legacy sandbox links without selecting unsupported panels (0.748921ms)
✔ external editors use the same example and encode the selected file (1.181353ms)
✔ tracks pushes, replacements, and traversal without duplicating reloads (3.065802ms)
✔ a push after going back discards the forward branch (0.528674ms)
✔ accepts only locations owned by the active preview (0.634733ms)
✔ keeps fragment links inside the sandbox document (2.672324ms)
✔ devtools can read and write storage inside an opaque sandbox (5.137919ms)
✔ instruments browser navigation in every preview environment (1.955812ms)
✔ strictly validates browser state and annotation messages by channel (0.813129ms)
✔ strictly validates browser commands by channel (0.312503ms)
✔ caps screenshot payloads returned by the sandbox (0.233999ms)
▶ TanStack Start WebContainer compatibility
  ✔ aligns the Oxc helper runtime with Rolldown (2.710248ms)
  ✔ installs the matching wasm32-wasi Rolldown binding (0.666045ms)
  ✔ points Vite at the WASI binding in WebContainer (1.465088ms)
  ✔ mounts a hidden wrapper without changing the authored Vite config (0.704844ms)
  ✔ starts Vite with the hidden config only for the Start profile (0.660418ms)
  ✔ rejects unsupported Start configs and commands instead of guessing (0.423323ms)
  ✔ runs after authored plugins and only transforms server modules (6.915776ms)
  ✔ keeps lowered async generators serializable without changing their behavior (20.739738ms)
  ✔ ES2016 lowering preserves concurrent continuation context (26.693096ms)
  ✔ lowered async generators preserve concurrent context after await (14.262339ms)
✔ TanStack Start WebContainer compatibility (78.082763ms)
▶ WebContainer example runtime
  ✔ creates a nested mount tree from canonical workspace paths (21.136132ms)
  ✔ decodes encoded binary assets into exact mount bytes (0.756204ms)
  ✔ rejects invalid and conflicting workspace paths (0.637851ms)
  ✔ reports server rendering as unsupported (0.28057ms)
  ✔ preserves opt-in runtime compatibility metadata (1.200101ms)
  ✔ installs the Start compatibility runtime with pnpm (15.993361ms)
  ✔ connects terminal output, input, and resizing to a process (40.147087ms)
  ✔ reports a natural shell exit without killing it again (5.028275ms)
  ✔ drains final terminal output before reporting a natural exit (3.31847ms)
  ✔ reports unexpected terminal exits and ignores disposal aborts (10.827639ms)
  ✔ keeps sibling terminals alive together and disposes all with the session (2.272252ms)
✔ WebContainer example runtime (109.19456ms)
▶ example workspaces
  ✔ resolves local import mappings with exact and longest-prefix priority (2.424936ms)
  ✔ serialize files and imports canonically (24.902647ms)
  ✔ strictly rejects ambiguous or incomplete persisted workspaces (7.935958ms)
  ✔ round-trips the complete shared project contract (1.019094ms)
  ✔ round-trips binary assets through shared projects (7.304342ms)
  ✔ normalizes, validates, and decodes binary files exactly (0.899628ms)
  ✔ round-trips a WebContainer runtime without changing the workspace (0.583979ms)
  ✔ rejects malformed WebContainer commands (3.833109ms)
  ✔ rejects an initial file outside the shared workspace (0.877515ms)
  ✔ rejects invalid hidden shared-project files (1.036985ms)
✔ example workspaces (57.760676ms)
external blog post tests passed
✔ tests/external-blog-posts.test.ts (1391.178493ms)
filter-framework-content tests passed
✔ tests/filter-framework-content.test.ts (647.57774ms)
github-api-contents-cache tests passed
✔ tests/github-api-contents-cache.test.ts (3050.366302ms)
[GitHub Cache] Serving stale value github:file/tanstack/router/main/docs/outage.md
[GitHub Cache] Serving stale artifact docs-artifact/tanstack/router/main/docs/docs-manifest/default; refreshing in background
github-content-cache tests passed
✔ tests/github-content-cache.test.ts (3693.166377ms)
github-content-fetch-options tests passed
✔ tests/github-content-fetch-options.test.ts (3049.472771ms)
[fetchExampleFiles] Fetching: {
  repo: 'tanstack/router',
  branch: 'main',
  examplePath: 'examples/react/binary'
}
[fetchExampleFiles] Fetched 4 files
✔ preserves repository text and binary file contents (56.699789ms)
✔ validates cached repository workspace payloads (0.570251ms)
✔ does not cache transient repository workspace failures (3.2432ms)
✔ server render keeps the still image without requesting motion media (3.11579ms)
✔ hero media gates motion downloads, honors preference changes, and retains the still image (2519.037064ms)
✔ homepage connects one WebSite to one Organization (4.08759ms)
✔ homepage Organization uses a square logo and verified profiles (0.569574ms)
✔ homepage does not advertise a site search action (0.50785ms)
http-response tests passed
✔ tests/http-response.test.ts (436.087965ms)
✔ matches package metadata without treating the registry keyword as a match (1.582641ms)
✔ duplicate scheduled invocation with the same bucket is idempotent (14.593026ms)
✔ failed package version step does not prevent other versions from processing (13.264972ms)
✔ process workflow yields near its runtime deadline and resumes the same run (7.824734ms)
✔ discovery yields near its runtime deadline and resumes completed package steps (5.078525ms)
✔ failed discovery package does not prevent later packages from running (1004.677309ms)
libraries utils tests passed
✔ tests/libraries-utils.test.ts (963.330054ms)
local repo path tests passed
✔ tests/local-repo-path.test.ts (454.12153ms)
✔ markdown v1 picker uses the current docs branch and retires v0 (3.219254ms)
✔ highlight v1 picker uses the current docs branch and retires v0 (0.404295ms)
✔ charts v1 picker uses the current docs branch and retires v0 (0.376766ms)
﹣ Markdown, Highlight, and Charts v0 and v1 docs aliases preserve paths and query strings (0.153752ms) # Set TANSTACK_DOCS_SMOKE_BASE_URL for route checks
✔ external HTTPS Markdown links open in a new tab (13.073553ms)
✔ TanStack HTTPS Markdown links stay in the current tab (1.748633ms)
✔ lookalike TanStack hostnames still open in a new tab (0.812469ms)
✔ non-HTTPS Markdown links keep their existing behavior (0.609674ms)
✔ groups adjacent runnable files into an environment workspace (21.390266ms)
✔ supports a visible source file before an explicit entry file (1.784573ms)
✔ builds a realistic multi-file Markdown and Highlight workspace (1.665707ms)
✔ keeps separate runnable groups and ordinary blocks separate (3.815702ms)
✔ groups runnable files inside nested block containers (2.862752ms)
✔ invalid runnable metadata fails open to static code (2.340085ms)
✔ server rendering retains static source without loading the workbench (19.889613ms)
✔ OG accents follow the rebrand category palette (1.475669ms)
✔ dark accents use the category 300 step (0.396372ms)
✔ an explicit light theme matches the default (0.213691ms)
✔ no dark accent collides with the text it sits beside (0.286224ms)
✔ every theme resolves a distinct surface (0.266028ms)
✔ theme validation accepts only the rendered themes (0.289427ms)
✔ Responses reasoning survives sequential server tool iterations through previous_response_id (98.473029ms)
✔ panel supports horizontal disclosure (35.27817ms)
✔ panel remains vertical by default (1.580495ms)
✔ current partners use the bare directory canonical (3.043303ms)
✔ invalid partner status falls back to the bare current directory (0.599657ms)
✔ previous partners keep a distinct canonical and metadata (0.627289ms)
✔ status filter uses a keyboard-native radio group (12.733738ms)
partner page tests passed
✔ tests/partner-pages.test.ts (400.182663ms)
[applyProviderConfig] Start app, applying full provider config
[applyProviderConfig] Start app, applying full provider config
[applyProviderConfig] Start app, applying full provider config
[applyProviderConfig] Start app, applying full provider config
[applyProviderConfig] Start app, applying full provider config
[applyProviderConfig] Start app, applying full provider config
[applyProviderConfig] Start app, applying full provider config
[applyProviderConfig] Start app, applying full provider config
[applyProviderConfig] Start app, applying full provider config
[applyProviderConfig] Start app, applying full provider config
[applyProviderConfig] Start app, applying full provider config
[applyProviderConfig] Start app, applying full provider config
[applyProviderConfig] Start app, applying full provider config
[applyProviderConfig] Start app, applying full provider config
[applyProviderConfig] Start app, applying full provider config
[applyProviderConfig] Start app, applying full provider config
provider config tests passed
✔ tests/provider-config.test.ts (887.822393ms)
✔ replayable collection applies ordered batches and closes its stream (14.230828ms)
✔ DbClient hydration restores rows and resumes after the dehydrated cursor (6.12775ms)
✔ optimistic actions remain overlaid until their event is replayed (7.174886ms)
✔ query collection stream writes use one direct-write batch (5.809817ms)
✔ query collection event controller deduplicates and confirms cursors (1.116546ms)
✔ replayable EventSource resumes from a cursor and closes on abort (33.652778ms)
✔ replayable EventSource recovers only after a terminal native error (1.434272ms)
repo-path tests passed
✔ tests/repo-path.test.ts (549.960784ms)
✔ selects only verified current client examples (5.32111ms)
✔ carries runtime metadata without changing the workspace contract (1.078111ms)
✔ selects isolation headers by runtime (0.489037ms)
✔ creates a repository-backed workspace with canonical paths (0.367235ms)
✔ keeps repository binary files separate and canonical (0.343815ms)
✔ falls back to the entry when the requested file is absent (0.243123ms)
✔ package dependencies resolve repository imports to exact versions (58.834296ms)
✔ workspace imports remain the final override (0.772403ms)
✔ rewrites @tanstack/ai workspace:* versions to latest (8.484081ms)
✔ leaves files unchanged when package.json is missing (1.151018ms)
✔ leaves files unchanged when package.json is invalid JSON (0.549894ms)
route-encoding tests passed
✔ tests/route-encoding.test.ts (480.707836ms)
✔ retrospective partner posts stay out of RSS while regular posts remain (7.005686ms)
✔ uses the image media type matching an RSS enclosure URL (0.478522ms)
✔ renders a fixed preview origin beside an editable path (45.139814ms)
✔ disables only the preview reload action when requested (14.998641ms)
✔ uses an icon-only preview commenting control (18.798048ms)
✔ formats numbered annotation instructions with untrusted preview context (0.393007ms)
✔ renders accumulated comments as a compact review trigger (8.659926ms)
✔ offers add and direct send actions for a selected annotation target (28.615493ms)
✔ renders preview errors with neutral details and a concise announcement (10.331469ms)
search-records tests passed
✔ tests/search-records.test.ts (457.910833ms)
✔ server instrumentation reuses its client after a module reload (49.541168ms)
✔ Sentry events never include BYOK request headers (2.462252ms)
✔ public partner pages remain indexable (2.106208ms)
✔ transparent embed pages are not indexed (0.398605ms)
✔ library landing pages canonicalize to latest (0.374916ms)
✔ non-landing library routes retain their own canonical paths (0.268346ms)
✔ social metadata identifies TanStack and describes its image (0.523897ms)
shopify-handle tests passed
✔ tests/shopify-handle.test.ts (394.054024ms)
shopify-id tests passed
✔ tests/shopify-id.test.ts (441.89029ms)
✔ partial selections stay available when any matching variant is in stock (1.766624ms)
✔ complete selections only match the selected variant (0.339846ms)
✔ partial selections are unavailable when all matches are sold out (0.2648ms)
✔ only accepted projects with a public placement can be published (2.665061ms)
✔ community and private preview links are qualified as user content (0.631139ms)
﹣ showcase placement, privacy, review controls, and resubmission (1.306669ms) # SKIP
✔ reloads an unisolated example entry once without creating a reload loop (1.592814ms)
✔ does not automatically reload when storage cannot prevent a loop (0.549312ms)
✔ preserves credentialless in the production Redact renderer (2.028934ms)
✔ preserves credentialless when Redact is disabled (9.358874ms)
▶ renderDynamicStartHostingGuide
  ✔ replaces static recommendations and follows dynamic partner order (3.19089ms)
  ✔ keeps the source unchanged when the expected sections are absent (3.156738ms)
  ✔ keeps an unmatched official guide without putting it among other targets (0.651534ms)
  ✔ maps the hosting placeholder to a renderable component node (4.689392ms)
  ✔ maps partner logo placeholders to renderable component nodes (1.762287ms)
✔ renderDynamicStartHostingGuide (15.516987ms)
static data contract tests passed
✔ tests/static-data-contracts.test.ts (738.40487ms)
✔ the global pre rule does not override component text colors (2.034764ms)
ℹ tests 544
ℹ suites 5
ℹ pass 540
ℹ fail 0
ℹ cancelled 0
ℹ skipped 4
ℹ todo 0
ℹ duration_ms 17684.321074
$ vitest run --config vitest.chat.config.ts

 RUN  v4.1.11 /home/nick/Repositories/nift/nift-experiments/tanstack/runtime

stdout | harness-tests/core/usage-provider-attempts.test.ts > provider attempts through the installed SDK and real SQLite > never dispatches when the initial durable attempt cannot be written
{
  error: { message: [32m'Connection error.'[39m, code: [90mundefined[39m },
  source: [32m'cloudflare.chatStream'[39m
}

stderr | harness-tests/core/usage-provider-attempts.test.ts > provider attempts through the installed SDK and real SQLite > never dispatches when the initial durable attempt cannot be written
❌ [tanstack-ai:errors] ❌ cloudflare.chatStream fatal

 ✓ harness-tests/core/usage-provider-attempts.test.ts (23 tests) 1981ms
     ✓ records an SDK retry inside one logical pass without claiming the first attempt was free  521ms
     ✓ never dispatches when the initial durable attempt cannot be written  1295ms
 ✓ harness-tests/core/retry-evidence-copy.test.ts (32 tests) 2076ms
     ✓ accepts exactly 64 flat records and rejects a 65th current retry before freezing any pages  1458ms
 ✓ harness-tests/core/browser-workspace-collections.test.ts (16 tests) 2388ms
     ✓ clears a stream warning when a same-version snapshot reconnects  1067ms
 ✓ harness-tests/core/browser-execution-owner.test.ts (81 tests) 2634ms
     ✓ releases confirmed bytes from pending capacity even while their upload response is delayed  569ms
 ✓ harness-tests/core/browser-execution-http.test.ts (52 tests) 441ms
stdout | harness-tests/core/provider-observation-adapters.test.ts > provider constructor observation hooks > retains maxRetries zero for compatible endpoints
{
  error: { message: [32m'Connection error.'[39m, code: [90mundefined[39m },
  source: [32m'openai-compatible.chatStream'[39m
}

stderr | harness-tests/core/provider-observation-adapters.test.ts > provider constructor observation hooks > retains maxRetries zero for compatible endpoints
❌ [tanstack-ai:errors] ❌ openai-compatible.chatStream fatal

 ✓ harness-tests/core/provider-observation-adapters.test.ts (15 tests) 620ms
     ✓ retains the default SDK retry for included binding and observes both actual attempts  425ms
 ✓ harness-tests/core/provider-observation.test.ts (41 tests) 382ms
 ✓ harness-tests/core/auth-worker-startup.test.ts (2 tests) 527ms
   ✓ boots the auth module in a production Worker and preserves signed sessions across requests  320ms
 ✓ harness-tests/core/local-mcp-egress.test.ts (2 tests) 249ms
 ✓ harness-tests/core/kody-inventory.test.ts (13 tests) 228ms
 ✓ harness-tests/core/chat-entry-search.test.ts (1 test) 249ms
 ✓ harness-tests/core/browser-execution-browser-bridge.test.ts (25 tests) 244ms
 ✓ harness-tests/core/retry-preparation.test.ts (21 tests) 221ms
 ✓ harness-tests/core/assistant-progress.test.ts (11 tests) 175ms
 ✓ harness-tests/core/mcp-session.test.ts (7 tests) 200ms
 ✓ harness-tests/core/mcp-oauth-discovery.test.ts (36 tests) 237ms
 ✓ harness-tests/core/schedules.test.ts (16 tests) 205ms
 ✓ harness-tests/core/browser-execution-history.test.ts (26 tests) 137ms
 ✓ harness-tests/core/run-models.test.ts (42 tests) 170ms
 ✓ harness-tests/core/delegations.test.ts (18 tests) 133ms
 ✓ harness-tests/core/delegation-admissions.test.ts (12 tests) 99ms
 ✓ harness-tests/core/assistant-project-tools.test.ts (25 tests) 176ms
stdout | harness-tests/core/context-observation-runtime.test.ts > does not publish or dispatch after an async projection outlives its active run
{
  error: Error: No longer active
      at Object.<anonymous> [90m(/home/nick/Repositories/nift/nift-experiments/tanstack/runtime/[39mharness-tests/core/context-observation-runtime.test.ts:204:13[90m)[39m
      at Object.Mock [as assertCurrent] [90m(file:///home/nick/Repositories/nift/nift-experiments/tanstack/runtime/[39mnode_modules/[4m.pnpm[24m/@vitest+spy@4.1.11/node_modules/[4m@vitest/spy[24m/dist/index.js:332:34[90m)[39m
      at Object.onConfig [90m(/home/nick/Repositories/nift/nift-experiments/tanstack/runtime/[39msrc/chat/server/assistant-context.ts:327:22[90m)[39m
      at MiddlewareRunner.runOnConfig [90m(file:///home/nick/Repositories/nift/nift-experiments/tanstack/runtime/[39mnode_modules/[4m.pnpm[24m/@tanstack+ai@0.58.0_@opentelemetry+api@1.9.1_zod@4.3.6/node_modules/[4m@tanstack/ai[24m/dist/esm/activities/chat/middleware/compose.js:95:19[90m)[39m
      at TextEngine.runWhileYielding [90m(file:///home/nick/Repositories/nift/nift-experiments/tanstack/runtime/[39mnode_modules/[4m.pnpm[24m/@tanstack+ai@0.58.0_@opentelemetry+api@1.9.1_zod@4.3.6/node_modules/[4m@tanstack/ai[24m/dist/esm/activities/chat/index.js:2189:4[90m)[39m
      at TextEngine.run [90m(file:///home/nick/Repositories/nift/nift-experiments/tanstack/runtime/[39mnode_modules/[4m.pnpm[24m/@tanstack+ai@0.58.0_@opentelemetry+api@1.9.1_zod@4.3.6/node_modules/[4m@tanstack/ai[24m/dist/esm/activities/chat/index.js:322:30[90m)[39m
      at streamTextChunks [90m(file:///home/nick/Repositories/nift/nift-experiments/tanstack/runtime/[39mnode_modules/[4m.pnpm[24m/@tanstack+ai@0.58.0_@opentelemetry+api@1.9.1_zod@4.3.6/node_modules/[4m@tanstack/ai[24m/dist/esm/activities/chat/index.js:2390:20[90m)[39m
      at [90m/home/nick/Repositories/nift/nift-experiments/tanstack/runtime/[39mharness-tests/core/context-observation-runtime.test.ts:208:24
      at [90m/home/nick/Repositories/nift/nift-experiments/tanstack/runtime/[39mharness-tests/core/context-observation-runtime.test.ts:206:3
      at [90mfile:///home/nick/Repositories/nift/nift-experiments/tanstack/runtime/[39mnode_modules/[4m.pnpm[24m/@vitest+runner@4.1.11/node_modules/[4m@vitest/runner[24m/dist/chunk-artifact.js:1903:20,
  threadId: [32m'thread-1791555690657-rkhcgci'[39m
}

stderr | harness-tests/core/context-observation-runtime.test.ts > does not publish or dispatch after an async projection outlives its active run
❌ [tanstack-ai:errors] ❌ chat run failed

stdout | harness-tests/core/context-observation-runtime.test.ts > retains a prepared reading but never dispatches when the run ends during its publication
{
  error: Error: Stopped
      at Object.assertCurrent [90m(/home/nick/Repositories/nift/nift-experiments/tanstack/runtime/[39mharness-tests/core/context-observation-runtime.test.ts:231:29[90m)[39m
      at Object.onConfig [90m(/home/nick/Repositories/nift/nift-experiments/tanstack/runtime/[39msrc/chat/server/assistant-context.ts:408:21[90m)[39m
      at MiddlewareRunner.runOnConfig [90m(file:///home/nick/Repositories/nift/nift-experiments/tanstack/runtime/[39mnode_modules/[4m.pnpm[24m/@tanstack+ai@0.58.0_@opentelemetry+api@1.9.1_zod@4.3.6/node_modules/[4m@tanstack/ai[24m/dist/esm/activities/chat/middleware/compose.js:95:19[90m)[39m
      at TextEngine.runWhileYielding [90m(file:///home/nick/Repositories/nift/nift-experiments/tanstack/runtime/[39mnode_modules/[4m.pnpm[24m/@tanstack+ai@0.58.0_@opentelemetry+api@1.9.1_zod@4.3.6/node_modules/[4m@tanstack/ai[24m/dist/esm/activities/chat/index.js:2189:4[90m)[39m
      at TextEngine.run [90m(file:///home/nick/Repositories/nift/nift-experiments/tanstack/runtime/[39mnode_modules/[4m.pnpm[24m/@tanstack+ai@0.58.0_@opentelemetry+api@1.9.1_zod@4.3.6/node_modules/[4m@tanstack/ai[24m/dist/esm/activities/chat/index.js:350:36[90m)[39m
      at streamTextChunks [90m(file:///home/nick/Repositories/nift/nift-experiments/tanstack/runtime/[39mnode_modules/[4m.pnpm[24m/@tanstack+ai@0.58.0_@opentelemetry+api@1.9.1_zod@4.3.6/node_modules/[4m@tanstack/ai[24m/dist/esm/activities/chat/index.js:2390:20[90m)[39m
      at [90m/home/nick/Repositories/nift/nift-experiments/tanstack/runtime/[39mharness-tests/core/context-observation-runtime.test.ts:243:24
      at [90m/home/nick/Repositories/nift/nift-experiments/tanstack/runtime/[39mharness-tests/core/context-observation-runtime.test.ts:241:3
      at [90mfile:///home/nick/Repositories/nift/nift-experiments/tanstack/runtime/[39mnode_modules/[4m.pnpm[24m/@vitest+runner@4.1.11/node_modules/[4m@vitest/runner[24m/dist/chunk-artifact.js:1903:20,
  threadId: [32m'thread-1791555690668-55bkkdl'[39m
}

stdout | harness-tests/core/context-observation-runtime.test.ts > rejects over-budget pinned evidence without publishing a successful reading
{
  error: Error: The active tool exchange exceeds the context budget. Narrow the task before continuing.
      at projectAssistantContext [90m(/home/nick/Repositories/nift/nift-experiments/tanstack/runtime/[39msrc/chat/server/assistant-context.ts:275:11[90m)[39m
      at Object.onConfig [90m(/home/nick/Repositories/nift/nift-experiments/tanstack/runtime/[39msrc/chat/server/assistant-context.ts:318:26[90m)[39m
      at MiddlewareRunner.runOnConfig [90m(file:///home/nick/Repositories/nift/nift-experiments/tanstack/runtime/[39mnode_modules/[4m.pnpm[24m/@tanstack+ai@0.58.0_@opentelemetry+api@1.9.1_zod@4.3.6/node_modules/[4m@tanstack/ai[24m/dist/esm/activities/chat/middleware/compose.js:95:19[90m)[39m
      at TextEngine.runWhileYielding [90m(file:///home/nick/Repositories/nift/nift-experiments/tanstack/runtime/[39mnode_modules/[4m.pnpm[24m/@tanstack+ai@0.58.0_@opentelemetry+api@1.9.1_zod@4.3.6/node_modules/[4m@tanstack/ai[24m/dist/esm/activities/chat/index.js:2189:4[90m)[39m
      at TextEngine.run [90m(file:///home/nick/Repositories/nift/nift-experiments/tanstack/runtime/[39mnode_modules/[4m.pnpm[24m/@tanstack+ai@0.58.0_@opentelemetry+api@1.9.1_zod@4.3.6/node_modules/[4m@tanstack/ai[24m/dist/esm/activities/chat/index.js:322:30[90m)[39m
      at streamTextChunks [90m(file:///home/nick/Repositories/nift/nift-experiments/tanstack/runtime/[39mnode_modules/[4m.pnpm[24m/@tanstack+ai@0.58.0_@opentelemetry+api@1.9.1_zod@4.3.6/node_modules/[4m@tanstack/ai[24m/dist/esm/activities/chat/index.js:2390:20[90m)[39m
      at [90m/home/nick/Repositories/nift/nift-experiments/tanstack/runtime/[39mharness-tests/core/context-observation-runtime.test.ts:265:24
      at [90m/home/nick/Repositories/nift/nift-experiments/tanstack/runtime/[39mharness-tests/core/context-observation-runtime.test.ts:263:3
      at [90mfile:///home/nick/Repositories/nift/nift-experiments/tanstack/runtime/[39mnode_modules/[4m.pnpm[24m/@vitest+runner@4.1.11/node_modules/[4m@vitest/runner[24m/dist/chunk-artifact.js:1903:20,
  threadId: [32m'thread-1791555690672-z159qt1'[39m
}

stderr | harness-tests/core/context-observation-runtime.test.ts > retains a prepared reading but never dispatches when the run ends during its publication
❌ [tanstack-ai:errors] ❌ chat run failed

stderr | harness-tests/core/context-observation-runtime.test.ts > rejects over-budget pinned evidence without publishing a successful reading
❌ [tanstack-ai:errors] ❌ chat run failed

 ✓ harness-tests/core/context-observation-runtime.test.ts (7 tests) 147ms
 ✓ harness-tests/core/mcp-connections-preparation.test.ts (6 tests) 117ms
 ✓ harness-tests/core/cloudflare-text.test.ts (5 tests) 98ms
 ✓ harness-tests/core/plugin-format.test.ts (50 tests) 146ms
 ✓ harness-tests/core/composer-references.test.ts (43 tests) 162ms
 ✓ harness-tests/core/assistant-loop.test.ts (10 tests) 104ms
 ✓ harness-tests/core/reasoning-continuity.test.ts (2 tests) 118ms
 ✓ harness-tests/core/execution-project-snapshot.test.ts (37 tests) 176ms
 ✓ harness-tests/core/conversation-runs.test.ts (12 tests) 145ms
 ✓ harness-tests/core/assistant-mcp-discovery.test.ts (4 tests) 145ms
 ✓ harness-tests/core/assistant-discovery.test.ts (8 tests) 112ms
 ✓ harness-tests/core/mcp-catalog.test.ts (12 tests) 109ms
 ✓ harness-tests/core/browser-execution-command-registry.test.ts (21 tests) 95ms
 ✓ harness-tests/core/workflow-runs.test.ts (16 tests) 114ms
 ✓ harness-tests/core/execution-events.test.ts (10 tests) 73ms
 ✓ harness-tests/core/model-attachments.test.ts (11 tests) 137ms
 ✓ harness-tests/core/project-sharing.test.ts (2 tests) 87ms
 ✓ harness-tests/core/skill-format.test.ts (47 tests) 81ms
 ✓ harness-tests/core/transcript-archive.test.ts (11 tests) 91ms
 ✓ harness-tests/core/assistant-schedule-tools.test.ts (12 tests) 94ms
stdout | harness-tests/core/conversation-http.test.ts > rejects sends whose ownership check fails before accessing the object
{"event":"chat_send_timing","timings":{"authentication":0,"access":0},"totalMs":1}

stdout | harness-tests/core/conversation-http.test.ts > denies archived submission before accessing the object
{"event":"chat_send_timing","timings":{"authentication":1,"access":1,"identity":1,"metadata":1},"totalMs":1}

 ✓ harness-tests/core/file-http.test.ts (5 tests) 65ms
stdout | harness-tests/core/conversation-http.test.ts > uses server identity and context rather than request-supplied values
{"event":"chat_send_timing","timings":{"authentication":0,"access":0,"identity":0,"metadata":0,"context":1,"admission":13},"totalMs":13}

stdout | harness-tests/core/conversation-http.test.ts > resolves bot submissions through server-owned main conversation identity
{"event":"chat_send_timing","timings":{"authentication":0,"access":0,"identity":1,"metadata":1,"context":1,"admission":3},"totalMs":3}

 ✓ harness-tests/core/conversation-http.test.ts (36 tests) 119ms
 ✓ harness-tests/core/conversation-reference-cursor.test.ts (87 tests) 78ms
 ✓ harness-tests/core/assistant-tool-failures.test.ts (10 tests) 81ms
 ✓ harness-tests/core/memory-http.test.ts (6 tests) 69ms
 ✓ harness-tests/core/pwa.test.ts (12 tests) 50ms
 ✓ harness-tests/core/workspace-panels.test.ts (23 tests) 123ms
 ✓ harness-tests/core/schedule-time.test.ts (43 tests) 67ms
 ✓ harness-tests/core/reference-http.test.ts (4 tests) 39ms
 ✓ harness-tests/core/assistant-mcp-lazy.test.ts (1 test) 88ms
 ✓ harness-tests/core/value-candidates.test.ts (18 tests) 37ms
 ✓ harness-tests/core/kody-actions.test.ts (15 tests) 56ms
 ✓ harness-tests/core/account-preferences-http.test.ts (5 tests) 38ms
 ✓ harness-tests/core/plugin-archive.test.ts (15 tests) 40ms
 ✓ harness-tests/core/discovery-integrations.test.ts (15 tests) 64ms
 ✓ harness-tests/core/send-receipt.test.ts (29 tests) 57ms
 ✓ harness-tests/core/workflow-http.test.ts (5 tests) 59ms
 ✓ harness-tests/core/shared-oauth-popup.test.ts (7 tests) 75ms
 ✓ harness-tests/core/kody-package-actions.test.ts (13 tests) 47ms
 ✓ harness-tests/core/mcp-discovery.test.ts (14 tests) 52ms
 ✓ harness-tests/core/database-context.test.ts (6 tests) 39ms
 ✓ harness-tests/core/delegation-budget.test.ts (11 tests) 39ms
 ✓ harness-tests/core/bot-mutation-http.test.ts (9 tests) 42ms
 ✓ harness-tests/core/chat-plugin-route.test.ts (4 tests) 33ms
 ✓ harness-tests/core/retry-draft.test.ts (17 tests) 56ms
 ✓ harness-tests/core/conversation-minimap.test.ts (3 tests) 47ms
 ✓ harness-tests/core/stored-results.test.ts (10 tests) 57ms
 ✓ harness-tests/core/file-api.test.ts (7 tests) 56ms
 ✓ harness-tests/core/schedule-clock.test.ts (35 tests) 81ms
 ✓ harness-tests/core/conversation-retry-http.test.ts (4 tests) 59ms
 ✓ harness-tests/core/workspace-sync-publisher.test.ts (6 tests) 61ms
 ✓ harness-tests/core/kody-memory-create.test.ts (4 tests) 27ms
 ✓ harness-tests/core/builder-project-snapshot-read.test.ts (4 tests) 48ms
 ✓ harness-tests/core/action-evidence-context.test.ts (4 tests) 37ms
 ✓ harness-tests/core/assistant-file-tools.test.ts (22 tests) 60ms
 ✓ harness-tests/core/chat-access.test.ts (9 tests) 61ms
 ✓ harness-tests/core/workflow-run-http.test.ts (4 tests) 56ms
 ✓ harness-tests/core/workspace-policy-http.test.ts (3 tests) 57ms
 ✓ harness-tests/core/referenced-mcp-tools.test.ts (16 tests) 25ms
 ✓ harness-tests/core/conversation-copy-http.test.ts (4 tests) 58ms
 ✓ harness-tests/core/composer-draft-http.test.ts (5 tests) 44ms
 ✓ harness-tests/core/retry-draft-editor.test.ts (12 tests) 40ms
 ✓ harness-tests/core/chat-model-route.test.ts (6 tests) 33ms
 ✓ harness-tests/core/auth-popup.test.ts (2 tests) 30ms
 ✓ harness-tests/core/conversation-execution-http.test.ts (5 tests) 31ms
 ✓ harness-tests/core/mcp-public-fetch.test.ts (10 tests) 45ms
 ✓ harness-tests/core/saved-actions-http.test.ts (3 tests) 35ms
 ✓ harness-tests/core/context-observation-ledger.test.ts (29 tests) 43ms
 ✓ harness-tests/core/chat-file-route.test.ts (7 tests) 44ms
 ✓ harness-tests/core/onboarding-http.test.ts (4 tests) 48ms
 ✓ harness-tests/core/provider-connection-http.test.ts (5 tests) 46ms
 ✓ harness-tests/core/reference-catalog-http.test.ts (6 tests) 50ms
 ✓ harness-tests/core/selected-skills.test.ts (4 tests) 26ms
 ✓ harness-tests/core/browser-execution-gate.test.ts (2 tests) 35ms
 ✓ harness-tests/core/conversation-read-api.test.ts (2 tests) 47ms
 ✓ harness-tests/core/workspace-index-http.test.ts (5 tests) 48ms
 ✓ harness-tests/core/composer-attachments.test.ts (8 tests) 54ms
 ✓ harness-tests/core/workspace-sync-http.test.ts (4 tests) 39ms
 ✓ harness-tests/core/fresh-tool-context.test.ts (7 tests) 42ms
 ✓ harness-tests/core/conversation-threads-http.test.ts (6 tests) 49ms
 ✓ harness-tests/core/workspace-sections-http.test.ts (3 tests) 41ms
 ✓ harness-tests/core/response-copy.test.ts (1 test) 25ms
 ✓ harness-tests/core/catalog-detail-http.test.ts (7 tests) 43ms
 ✓ harness-tests/core/kody-connect-http.test.ts (3 tests) 74ms
 ✓ harness-tests/core/assistant-context-reference.test.ts (8 tests) 35ms
 ✓ harness-tests/core/usage.test.ts (13 tests) 42ms
 ✓ harness-tests/core/chat-access-admin.test.ts (12 tests) 61ms
 ✓ harness-tests/core/kody-unlink-http.test.ts (4 tests) 37ms
 ✓ harness-tests/core/kody-control-http.test.ts (5 tests) 49ms
 ✓ harness-tests/core/chat-offline-worker.test.ts (1 test) 35ms
 ✓ harness-tests/core/bot-draft-http.test.ts (3 tests) 31ms
 ✓ harness-tests/core/workspace-request.test.ts (4 tests) 44ms
 ✓ harness-tests/core/model-options-http.test.ts (4 tests) 44ms
 ✓ harness-tests/core/chat-runtime-headers.test.ts (2 tests) 32ms
 ✓ harness-tests/core/chat-skill-route.test.ts (4 tests) 48ms
 ✓ harness-tests/core/workspace-activity-http.test.ts (6 tests) 56ms
 ✓ harness-tests/core/kody-account-http.test.ts (4 tests) 48ms
 ✓ harness-tests/core/kody-run.test.ts (3 tests) 24ms
 ✓ harness-tests/core/workspace-api.test.ts (2 tests) 39ms
 ✓ harness-tests/core/workspace-index-response.test.ts (3 tests) 40ms
 ✓ harness-tests/core/chat-origin-redirect.test.ts (18 tests) 45ms
 ✓ harness-tests/core/device-http.test.ts (3 tests) 31ms
 ✓ harness-tests/core/kody-contract.test.ts (5 tests) 30ms
 ✓ harness-tests/core/retry-source.test.ts (17 tests) 33ms
 ✓ harness-tests/core/workflow-input-store.test.ts (4 tests) 18ms
 ✓ harness-tests/core/kody-search-synced-skills.test.ts (6 tests) 31ms
 ✓ harness-tests/core/type-contract.test.ts (16 tests) 42ms
 ✓ harness-tests/core/mcp-read-context.test.ts (3 tests) 43ms
 ✓ harness-tests/core/jev-routing.test.ts (17 tests) 29ms
 ✓ harness-tests/core/navigation.test.ts (17 tests) 19ms
 ✓ harness-tests/core/chat-mcp-route.test.ts (4 tests) 30ms
 ✓ harness-tests/core/kody-memory-change.test.ts (4 tests) 38ms
 ✓ harness-tests/core/task-context.test.ts (7 tests) 21ms
 ✓ harness-tests/core/assistant-delegation-tools.test.ts (4 tests) 21ms
 ✓ harness-tests/core/copy-bot.test.ts (8 tests) 17ms
 ✓ harness-tests/core/command-palette.test.ts (12 tests) 23ms
 ✓ harness-tests/core/retry-request.test.ts (23 tests) 26ms
 ✓ harness-tests/core/research-loop.test.ts (9 tests) 20ms
 ✓ harness-tests/core/kody-package-document.test.ts (4 tests) 14ms
 ✓ harness-tests/core/stored-result-progress.test.ts (1 test) 33ms
 ✓ harness-tests/core/jev-task-decisions.test.ts (13 tests) 16ms
 ✓ harness-tests/core/kody-resources.test.ts (5 tests) 28ms
 ✓ harness-tests/core/chat-entry-navigation.test.ts (1 test) 34ms
 ✓ harness-tests/core/kody-skill-source.test.ts (3 tests) 18ms
 ✓ harness-tests/core/kody-execution.test.ts (8 tests) 28ms
 ✓ harness-tests/core/retry-files.test.ts (18 tests) 30ms
 ✓ harness-tests/core/conversation-events.test.ts (9 tests) 21ms
 ✓ harness-tests/core/kody-callback-http.test.ts (4 tests) 37ms
 ✓ harness-tests/core/delegation-waits.test.ts (5 tests) 24ms
 ✓ harness-tests/core/conversation-run-projection.test.ts (9 tests) 35ms
 ✓ harness-tests/core/sketch.test.ts (14 tests) 35ms
 ✓ harness-tests/core/message-attachments.test.ts (6 tests) 32ms
 ✓ harness-tests/core/task-history.test.ts (2 tests) 22ms
 ✓ harness-tests/core/kody-mail.test.ts (3 tests) 27ms
 ✓ harness-tests/core/assistant-workspace-tools.test.ts (4 tests) 29ms
 ✓ harness-tests/core/mcp-task-host.test.ts (3 tests) 27ms
 ✓ harness-tests/core/kody-account.test.ts (7 tests) 27ms
 ✓ harness-tests/core/workflows.test.ts (11 tests) 20ms
 ✓ harness-tests/core/assistant-kody-run-tools.test.ts (2 tests) 21ms
 ✓ harness-tests/core/conversation-queue-schedule.test.ts (3 tests) 15ms
 ✓ harness-tests/core/markdown-links.test.ts (4 tests) 16ms
 ✓ harness-tests/core/system-one-loop.test.ts (22 tests) 28ms
 ✓ harness-tests/core/workflow-driver.test.ts (2 tests) 16ms
 ✓ harness-tests/core/conversation-route-cache.test.ts (2 tests) 18ms
 ✓ harness-tests/core/bot-views.test.ts (21 tests) 31ms
 ✓ harness-tests/core/appearance.test.ts (6 tests) 12ms
 ✓ harness-tests/core/core.test.ts (18 tests) 27ms
 ✓ harness-tests/core/kody-community.test.ts (3 tests) 29ms
 ✓ harness-tests/core/delegation-sources.test.ts (2 tests) 25ms
 ✓ harness-tests/core/kody-code-run.test.ts (4 tests) 32ms
 ✓ harness-tests/core/memory-expiry.test.ts (4 tests) 21ms
 ✓ harness-tests/core/cache-pricing.test.ts (8 tests) 28ms
 ✓ harness-tests/core/kody-setup-readiness.test.ts (3 tests) 24ms
 ✓ harness-tests/core/file-diff.test.ts (13 tests) 11ms
 ✓ harness-tests/core/file-deliveries.test.ts (4 tests) 13ms
 ✓ harness-tests/core/kody-run-history.test.ts (3 tests) 26ms
 ✓ harness-tests/core/assistant-connection-tools.test.ts (3 tests) 16ms
 ✓ harness-tests/core/batched-values.test.ts (6 tests) 8ms
 ✓ harness-tests/core/message-navigation.test.ts (7 tests) 11ms
 ✓ harness-tests/core/assistant-kody-memory-tools.test.ts (3 tests) 20ms
 ✓ harness-tests/core/tool-ranking.test.ts (9 tests) 16ms
 ✓ harness-tests/core/workflow-file-input.test.ts (3 tests) 23ms
 ✓ harness-tests/core/kody-package-recovery.test.ts (4 tests) 13ms
 ✓ harness-tests/core/kody-memory.test.ts (2 tests) 14ms
 ✓ harness-tests/core/workflow-tool-boundary.test.ts (3 tests) 22ms
 ✓ harness-tests/core/answer-evidence.test.ts (7 tests) 12ms
 ✓ harness-tests/core/mcp-session-store.test.ts (1 test) 24ms
 ✓ harness-tests/core/kody-run-triage.test.ts (3 tests) 20ms
 ✓ harness-tests/core/mobile-gestures.test.ts (6 tests) 8ms
 ✓ harness-tests/core/workflow-inputs.test.ts (3 tests) 12ms
 ✓ harness-tests/core/kody-connected-sync.test.ts (3 tests) 8ms
 ✓ harness-tests/core/execution-preview.test.ts (6 tests) 17ms
 ✓ harness-tests/core/provider-request-shape.test.ts (5 tests) 13ms
 ✓ harness-tests/core/assistant-schedule-policy.test.ts (16 tests) 7ms
 ✓ harness-tests/core/ordered-history.test.ts (3 tests) 7ms
 ✓ harness-tests/core/kody-usage.test.ts (2 tests) 12ms
 ✓ harness-tests/core/tool-evidence.test.ts (2 tests) 7ms
 ✓ harness-tests/core/chat-scheduled.test.ts (2 tests) 7ms
 ✓ harness-tests/core/chat-appearance-bootstrap.test.ts (2 tests) 8ms
 ✓ harness-tests/core/local-task-tools.test.ts (1 test) 8ms
 ✓ harness-tests/core/conversation-bulk-actions.test.ts (3 tests) 11ms
 ✓ harness-tests/core/provider-connection.test.ts (3 tests) 11ms
 ✓ harness-tests/core/kody-skill-search.test.ts (2 tests) 16ms
 ✓ harness-tests/core/conversation-thread-ui.test.ts (5 tests) 14ms
 ✓ harness-tests/core/postgres-cloudflare-socket.test.js (4 tests) 14ms
 ✓ harness-tests/core/kody-internal-read.test.ts (1 test) 11ms
 ✓ harness-tests/core/project-panel.test.ts (5 tests) 11ms
 ✓ harness-tests/core/composer-focus.test.ts (6 tests) 9ms
 ✓ harness-tests/core/conversation-location.test.ts (6 tests) 11ms
 ✓ harness-tests/core/setup-evidence.test.ts (4 tests) 9ms
 ✓ harness-tests/core/browser-composer-draft-sync.test.ts (9 tests) 8ms
 ✓ harness-tests/core/kody-assistant-discovery.test.ts (5 tests) 8ms
 ✓ harness-tests/core/bot-drag.test.ts (8 tests) 14ms
 ✓ harness-tests/core/conversation-bulk-service.test.ts (2 tests) 9ms
 ✓ harness-tests/core/local-services.test.ts (4 tests) 8ms
 ✓ harness-tests/core/plugin-reference-instructions.test.ts (5 tests) 9ms
 ✓ harness-tests/core/assistant-message-history.test.ts (2 tests) 8ms
 ✓ harness-tests/core/preload-recovery.test.ts (1 test) 5ms
 ✓ harness-tests/core/workflow-usage.test.ts (1 test) 4ms
 ✓ harness-tests/core/public-endpoint.test.ts (1 test) 4ms
 ✓ harness-tests/core/usage-attempt-summary.test.ts (13 tests) 8ms
 ✓ harness-tests/core/kody-environment.test.ts (3 tests) 8ms
 ✓ harness-tests/core/appearance-html.test.ts (2 tests) 7ms
 ✓ harness-tests/core/mobile-viewport.test.ts (4 tests) 7ms
 ✓ harness-tests/core/browser-desktop-compatibility.test.ts (5 tests) 6ms
 ✓ harness-tests/core/provider-token-totals.test.ts (9 tests) 6ms
 ✓ harness-tests/core/reasoning-text.test.ts (3 tests) 6ms
 ✓ harness-tests/core/personal-assistant.test.ts (2 tests) 7ms
 ✓ harness-tests/core/thread-context.test.ts (2 tests) 5ms
 ✓ harness-tests/core/pending-package-guide.test.ts (1 test) 4ms
 ✓ harness-tests/core/app-version.test.ts (1 test) 5ms
 ✓ harness-tests/core/discovery-model.test.ts (2 tests) 7ms

 Test Files  234 passed (234)
      Tests  2269 passed (2269)
   Start at  01:21:23
   Duration  31.55s (transform 7.20s, setup 0ms, import 62.42s, tests 22.13s, environment 33ms)

$ pnpm --dir desktop test
$ node build-device-helper.mjs && node --test *.test.mjs
﹣ macOS sign-in registers without grants, respects revocation, and isolates account changes (1.352075ms) # SKIP
✔ other platforms do not automatically register devices (45.485145ms)
✔ folder grants read text, reject escapes and revoked access (46.547682ms)
✔ Open setup web links open in the system browser without creating an Electron window (8.219766ms)
✔ named sign-in popup still opens with its isolated options (1.649914ms)
✔ unsafe protocols, credentials, malformed URLs, and untrusted pages cannot launch apps (1.110692ms)
✔ browser launch failures show a recovery message (1.168484ms)
✔ authentication windows receive no native bridge (5.562474ms)
✔ a fresh feed permits a valid first release (2.032464ms)
✔ existing feeds only permit increasing semantic versions (0.568272ms)
✔ malformed existing feeds cannot be treated as fresh (0.352286ms)
✔ packaged app ignores development origin overrides (1.434384ms)
✔ development permits the fixture origin (0.332878ms)
✔ rejects credentials, insecure remote hosts, and non-origin development URLs (0.578857ms)
✔ launches the consolidated chat path (0.250199ms)
✔ restart requires a downloaded update and native confirmation (2.106792ms)
✔ explicit restart bypasses macOS hide-on-close before the updater closes windows (0.382413ms)
✔ simultaneous checks share one request (0.374849ms)
✔ a downloaded update survives another check without redownloading (4.689431ms)
✔ background checks leave prompts to the app UI and stop on quit (7.227865ms)
✔ desktop windows own their browser and IPC lifecycle while sharing account storage (27.994279ms)
ℹ tests 21
ℹ suites 0
ℹ pass 20
ℹ fail 0
ℹ cancelled 0
ℹ skipped 1
ℹ todo 0
ℹ duration_ms 146.317593
